split,sample_id,mean_cloud_probability_t0,mean_cloud_probability_t1,mean_cloud_probability_t2,mean_cloud_probability_t3,mask_area_fraction_t0,mask_pixel_count_t0,category,has_any_threshold_clean_timestep,all_timesteps_have_detected_cloud,t0_not_detected_other_cloudy,t0_cloudy_later_cleaner,cleanest_timestep
train,ROIs1868_127_patch_102,0.09000571,0.54316336,0.09631653,0.45223415,0.004302978515625,282,light,True,False,True,False,0
train,ROIs1868_127_patch_33,0.085174076,0.24341458,0.07805508,0.57239705,0.00970458984375,636,light,False,True,False,True,2
train,ROIs1970_83_patch_261,0.08553796,0.1972378,0.09978345,0.24470648,0.0,0,empty/not-detected,True,False,True,False,0
train,ROIs2017_130_patch_226,0.11212473,0.09004446,0.08314539,0.10506573,0.0617218017578125,4045,light,True,False,False,True,2
train,ROIs1970_112_patch_84,0.39946157,0.08733173,0.0559947,0.6777359,0.800994873046875,52494,heavy,False,True,False,True,2
train,ROIs1868_127_patch_245,0.1096968,0.5964673,0.11592686,0.3662096,0.0014190673828125,93,light,True,False,True,False,0
train,ROIs1970_57_patch_250,0.058582775,0.06986673,0.08885953,0.095931314,0.001251220703125,82,light,True,False,False,False,0
train,ROIs2017_115_patch_243,0.07891397,0.07916513,0.08681613,0.6812523,0.0,0,empty/not-detected,True,False,True,False,0
train,ROIs1868_127_patch_142,0.08812028,0.55329543,0.08822939,0.50004935,0.0110321044921875,723,light,True,False,True,False,0
train,ROIs2017_69_patch_110,0.03773529,0.42088658,0.041029163,0.6256731,0.0001220703125,8,light,False,True,False,False,0
train,ROIs2017_130_patch_223,0.10856895,0.07385133,0.07908773,0.12310403,0.06280517578125,4116,light,False,True,False,True,1
train,ROIs2017_130_patch_108,0.08956112,0.08087067,0.08222025,0.16489252,0.0,0,empty/not-detected,True,False,True,False,1
train,ROIs1868_127_patch_38,0.08325171,0.6500051,0.09134851,0.51182866,0.0016632080078125,109,light,True,False,True,False,0
train,ROIs2017_115_patch_112,0.056014918,0.05223175,0.06634006,0.6989908,0.0,0,empty/not-detected,True,False,True,False,1
train,ROIs1970_57_patch_195,0.049394168,0.05847243,0.09130515,0.08620364,0.0,0,empty/not-detected,True,False,False,False,0
train,ROIs1970_83_patch_37,0.059924677,0.2616421,0.06401782,0.20968169,0.0,0,empty/not-detected,False,True,False,False,0
train,ROIs1970_57_patch_7,0.07513858,0.10516282,0.087589726,0.11791865,0.0,0,empty/not-detected,True,False,False,False,0
train,ROIs2017_115_patch_106,0.083953775,0.07304456,0.10608282,0.7462786,0.000640869140625,42,light,True,False,True,False,1
train,ROIs1970_83_patch_48,0.07173839,0.14735672,0.068880625,0.34621322,0.0042877197265625,281,light,True,False,True,False,2
train,ROIs1970_57_patch_120,0.06143801,0.07578415,0.087003425,0.09382819,0.0,0,empty/not-detected,True,False,False,False,0
train,ROIs1970_83_patch_74,0.068374515,0.14181545,0.078660235,0.27741626,0.0004730224609375,31,light,False,True,False,False,0
train,ROIs1868_127_patch_83,0.0945308,0.5057151,0.102547795,0.44127998,0.002288818359375,150,light,True,False,True,False,0
train,ROIs1970_57_patch_155,0.06566691,0.07810226,0.09599651,0.098042004,0.0001220703125,8,light,True,False,False,False,0
train,ROIs2017_130_patch_264,0.11054733,0.10416932,0.09421953,0.106558286,0.0259246826171875,1699,light,True,False,True,False,2
train,ROIs1868_127_patch_179,0.09832902,0.4254414,0.10125362,0.4073047,0.0244140625,1600,light,True,False,True,False,0
train,ROIs2017_69_patch_23,0.030779965,0.6240847,0.03295376,0.5191266,0.0,0,empty/not-detected,True,False,True,False,0
train,ROIs1868_127_patch_157,0.096020594,0.690497,0.10318558,0.40368676,0.00439453125,288,light,True,False,False,False,0
train,ROIs2017_69_patch_123,0.032885272,0.5623607,0.037309065,0.5091437,0.0,0,empty/not-detected,True,False,True,False,0
train,ROIs2017_69_patch_112,0.035322685,0.45922843,0.04219531,0.6354728,0.0,0,empty/not-detected,True,False,True,False,0
train,ROIs1868_127_patch_250,0.10164552,0.4072082,0.10798228,0.52912915,0.030364990234375,1990,light,False,True,False,False,0
train,ROIs1970_112_patch_42,0.17123082,0.07862624,0.0642689,0.67193687,0.4088592529296875,26795,heavy,True,False,False,True,2
train,ROIs2017_115_patch_281,0.074009195,0.077450626,0.08202714,0.7405,0.0,0,empty/not-detected,True,False,True,False,0
train,ROIs2017_115_patch_83,0.06772682,0.0631522,0.08500934,0.72248507,0.0017242431640625,113,light,True,False,True,False,1
train,ROIs2017_69_patch_163,0.04417496,0.5763738,0.04817767,0.4527586,0.000213623046875,14,light,True,False,False,False,0
train,ROIs1970_112_patch_5,0.038360745,0.11159076,0.027998015,0.6611797,0.0106048583984375,695,light,True,False,False,True,2
train,ROIs2017_115_patch_19,0.06554137,0.06151176,0.64116806,0.7149909,0.0,0,empty/not-detected,True,False,True,False,1
train,ROIs2017_69_patch_152,0.032735758,0.61031646,0.040887926,0.16051191,0.0,0,empty/not-detected,True,False,True,False,0
train,ROIs1970_83_patch_169,0.09078513,0.15712234,0.091710806,0.16306496,0.008880615234375,582,light,True,False,False,False,0
train,ROIs1970_83_patch_271,0.08719355,0.14025961,0.10812232,0.35510978,0.0,0,empty/not-detected,True,False,True,False,0
train,ROIs1970_57_patch_69,0.064089276,0.08201337,0.081619784,0.09927728,0.0,0,empty/not-detected,True,False,False,False,0
train,ROIs2017_69_patch_31,0.032936502,0.5784605,0.03795863,0.61686575,0.0,0,empty/not-detected,True,False,True,False,0
train,ROIs1970_57_patch_234,0.052195776,0.066530466,0.08383264,0.10174298,9.1552734375e-05,6,light,True,False,True,False,0
train,ROIs1868_127_patch_181,0.095459685,0.46738622,0.108799234,0.17416029,0.006591796875,432,light,False,True,False,False,0
train,ROIs2017_130_patch_137,0.093962654,0.07955344,0.0752948,0.14762321,0.007568359375,496,light,False,True,False,True,2
train,ROIs1970_112_patch_137,0.13038222,0.12359199,0.054345272,0.46275288,0.287811279296875,18862,medium,False,True,False,True,2
train,ROIs1970_57_patch_128,0.051991012,0.06469115,0.08246479,0.0883805,0.0,0,empty/not-detected,True,False,False,False,0
train,ROIs1970_57_patch_53,0.070800886,0.090266556,0.0861054,0.10117953,0.0,0,empty/not-detected,True,False,False,False,0
train,ROIs2017_130_patch_258,0.07519391,0.06312657,0.06800005,0.11693436,0.0015869140625,104,light,True,False,True,False,1
train,ROIs2017_115_patch_21,0.06559744,0.061176747,0.38172588,0.71219105,0.0,0,empty/not-detected,True,False,True,False,1
train,ROIs1970_57_patch_25,0.07525026,0.10512909,0.087690815,0.11761939,0.0,0,empty/not-detected,True,False,False,False,0
train,ROIs2017_115_patch_270,0.066543385,0.06696741,0.61988664,0.73126143,0.0,0,empty/not-detected,True,False,True,False,0
train,ROIs2017_130_patch_207,0.11423136,0.09336819,0.086818404,0.11146853,0.0839385986328125,5501,light,True,False,False,True,2
train,ROIs2017_115_patch_14,0.067752786,0.06197271,0.08476192,0.7371391,0.0013427734375,88,light,True,False,True,False,1
train,ROIs1970_112_patch_242,0.616327,0.05065792,0.1454217,0.6583901,1.0,65536,heavy,True,False,False,True,1
train,ROIs1868_127_patch_148,0.10754268,0.19319257,0.109537296,0.29393515,0.23272705078125,15252,medium,False,True,False,False,0
train,ROIs1970_83_patch_14,0.06329235,0.1781453,0.05606033,0.2506346,0.0,0,empty/not-detected,True,False,True,False,2
train,ROIs1868_127_patch_263,0.103310056,0.5318785,0.11321215,0.32659474,0.002105712890625,138,light,True,False,True,False,0
train,ROIs2017_69_patch_218,0.043069832,0.68098414,0.05308868,0.2345854,0.0001220703125,8,light,False,True,False,False,0
train,ROIs1970_83_patch_113,0.09184416,0.14302723,0.08985122,0.27503347,0.012115478515625,794,light,True,False,False,True,2
train,ROIs1970_83_patch_132,0.07722741,0.113921374,0.086425565,0.24505873,0.001251220703125,82,light,True,False,False,False,0
train,ROIs1970_57_patch_86,0.05984643,0.07599777,0.083927274,0.096514426,0.0,0,empty/not-detected,True,False,False,False,0
train,ROIs1970_57_patch_29,0.085941955,0.10884122,0.096046984,0.11187614,0.006744384765625,442,light,True,False,False,False,0
train,ROIs2017_69_patch_95,0.04159017,0.59065557,0.049507175,0.53104335,0.0,0,empty/not-detected,True,False,True,False,0
train,ROIs1970_57_patch_217,0.0570383,0.07059246,0.08448894,0.100115776,4.57763671875e-05,3,light,True,False,True,False,0
train,ROIs2017_130_patch_209,0.11540237,0.09486469,0.08128939,0.10517013,0.0670013427734375,4391,light,True,False,False,True,2
train,ROIs2017_69_patch_231,0.042118564,0.6478101,0.04994031,0.39533308,0.0,0,empty/not-detected,False,True,False,False,0
train,ROIs2017_115_patch_27,0.07550667,0.058463857,0.34623298,0.7233798,7.62939453125e-05,5,light,True,False,True,False,1
train,ROIs2017_69_patch_71,0.032057233,0.49949744,0.038023237,0.618284,0.0,0,empty/not-detected,True,False,True,False,0
train,ROIs1970_112_patch_121,0.1527066,0.22021744,0.040622033,0.6283532,0.3768310546875,24696,heavy,False,True,False,True,2
train,ROIs2017_115_patch_175,0.06601963,0.06324763,0.17438665,0.7081971,0.0,0,empty/not-detected,True,False,True,False,1
train,ROIs1970_83_patch_152,0.07710858,0.13392295,0.10880363,0.35036823,0.0,0,empty/not-detected,True,False,False,False,0
train,ROIs1970_83_patch_33,0.0606715,0.15252438,0.059421457,0.29570526,0.0016632080078125,109,light,False,True,False,True,2
train,ROIs2017_69_patch_85,0.031793036,0.5950157,0.034611702,0.51833236,4.57763671875e-05,3,light,True,False,False,False,0
train,ROIs1970_83_patch_262,0.0821857,0.26248497,0.090028115,0.19375847,0.00274658203125,180,light,False,True,False,False,0
train,ROIs1868_127_patch_19,0.08088839,0.708328,0.088590555,0.5063888,0.0006866455078125,45,light,True,False,True,False,0
train,ROIs2017_115_patch_284,0.06252981,0.065184206,0.07695772,0.670948,0.0,0,empty/not-detected,True,False,True,False,0
train,ROIs2017_130_patch_210,0.12000361,0.106428355,0.09656664,0.108318396,0.068145751953125,4466,light,True,False,False,True,2
train,ROIs2017_69_patch_279,0.037958283,0.6630676,0.04274128,0.21350159,0.0,0,empty/not-detected,True,False,True,False,0
train,ROIs2017_130_patch_197,0.12461282,0.11837296,0.12116042,0.1274709,0.0766143798828125,5021,light,False,True,False,True,1
train,ROIs2017_69_patch_274,0.042062484,0.655163,0.04708051,0.37408942,0.0,0,empty/not-detected,False,True,False,False,0
train,ROIs1970_112_patch_264,0.683433,0.39801753,0.08843058,0.23440407,1.0,65536,heavy,False,True,False,True,2
train,ROIs1970_83_patch_178,0.09945883,0.11156461,0.10034886,0.21826008,0.037841796875,2480,light,True,False,False,False,0
train,ROIs1970_112_patch_268,0.615454,0.07958482,0.33444798,0.31384474,1.0,65536,heavy,True,False,False,True,1
train,ROIs1970_83_patch_222,0.08677991,0.16793956,0.10220096,0.22606696,6.103515625e-05,4,light,False,True,False,False,0
train,ROIs1970_57_patch_106,0.069416836,0.08186428,0.09176329,0.10207056,1.52587890625e-05,1,light,True,False,False,False,0
train,ROIs1970_112_patch_15,0.20043811,0.2184281,0.053872336,0.7123772,0.3538055419921875,23187,heavy,False,True,False,True,2
train,ROIs1970_112_patch_39,0.12363559,0.13161856,0.021210996,0.696438,0.274261474609375,17974,medium,True,False,False,True,2
train,ROIs2017_69_patch_249,0.046543196,0.6753593,0.05754681,0.3761534,0.00048828125,32,light,False,True,False,False,0
train,ROIs1970_83_patch_264,0.069432065,0.15579642,0.07557024,0.16558903,0.0011444091796875,75,light,False,True,False,False,0
train,ROIs1970_57_patch_12,0.08085649,0.110940605,0.08936924,0.11450704,0.0146026611328125,957,light,True,False,False,False,0
train,ROIs1970_57_patch_157,0.061202116,0.07346916,0.09722992,0.095855996,0.0,0,empty/not-detected,True,False,False,False,0
train,ROIs2017_69_patch_67,0.029705439,0.6004289,0.03530355,0.46872294,0.0,0,empty/not-detected,True,False,True,False,0
train,ROIs1868_127_patch_145,0.100804165,0.24701715,0.11153824,0.214331,0.02435302734375,1596,light,False,True,False,False,0
train,ROIs1970_83_patch_24,0.081109956,0.113903835,0.0776823,0.31810924,0.0140380859375,920,light,True,False,False,True,2
train,ROIs1970_57_patch_109,0.059854012,0.07273263,0.089039095,0.095802374,0.0001220703125,8,light,True,False,False,False,0
train,ROIs1970_57_patch_125,0.05474304,0.066974655,0.08805971,0.09649807,0.0,0,empty/not-detected,True,False,False,False,0
train,ROIs1868_127_patch_169,0.093411535,0.3377853,0.11418887,0.3979292,0.003662109375,240,light,False,True,False,False,0
train,ROIs1970_83_patch_256,0.08540245,0.20150425,0.09917838,0.2815865,0.0,0,empty/not-detected,True,False,True,False,0
train,ROIs1868_127_patch_171,0.08835888,0.41391036,0.10083613,0.38438436,0.0067596435546875,443,light,True,False,False,False,0
train,ROIs2017_130_patch_164,0.0956828,0.076015905,0.07167206,0.12161294,0.0099334716796875,651,light,False,True,False,True,2
train,ROIs2017_130_patch_105,0.10355454,0.09899495,0.09366235,0.112888664,0.022003173828125,1442,light,False,True,False,True,2
train,ROIs1970_112_patch_21,0.39615363,0.09327371,0.021402666,0.70501226,0.866119384765625,56762,heavy,True,False,False,True,2
train,ROIs2017_130_patch_6,0.10608648,0.10481152,0.10415887,0.12870416,0.0016937255859375,111,light,True,False,True,False,2
train,ROIs2017_115_patch_160,0.05819732,0.058020283,0.07440019,0.7338845,3.0517578125e-05,2,light,True,False,False,True,1
train,ROIs2017_69_patch_6,0.031156063,0.6333724,0.033064514,0.47096866,0.0,0,empty/not-detected,True,False,True,False,0
train,ROIs2017_69_patch_111,0.04107898,0.4285524,0.047457166,0.63234437,6.103515625e-05,4,light,True,False,True,False,0
train,ROIs2017_130_patch_78,0.09802942,0.07010707,0.06890138,0.10758578,0.03826904296875,2508,light,False,True,False,True,2
train,ROIs2017_115_patch_227,0.06670544,0.06841247,0.5527325,0.7082657,0.0,0,empty/not-detected,True,False,True,False,0
train,ROIs2017_69_patch_166,0.03804657,0.557799,0.045230374,0.41250184,0.0,0,empty/not-detected,False,True,False,False,0
train,ROIs1970_112_patch_99,0.12515776,0.14509706,0.09287383,0.66077787,0.215576171875,14128,medium,False,True,False,True,2
train,ROIs2017_130_patch_0,0.09810498,0.049564652,0.04188737,0.114737585,0.0521087646484375,3415,light,True,False,True,False,2
train,ROIs1970_112_patch_255,0.6507524,0.05563177,0.06694727,0.60584587,1.0,65536,heavy,False,True,False,True,1
train,ROIs1868_127_patch_167,0.10149961,0.31667876,0.10778578,0.27786258,0.112579345703125,7378,medium,False,True,False,False,0
train,ROIs2017_115_patch_41,0.0674386,0.064012624,0.10587982,0.7075867,0.0,0,empty/not-detected,True,False,True,False,1
train,ROIs2017_130_patch_65,0.088721536,0.06995875,0.08371037,0.19534586,0.0006256103515625,41,light,False,True,False,True,1
train,ROIs1970_83_patch_79,0.1106278,0.11886588,0.103132136,0.21451302,0.212860107421875,13950,medium,False,True,False,True,2
train,ROIs1970_112_patch_258,0.6323417,0.06325951,0.087563455,0.68284893,1.0,65536,heavy,True,False,False,True,1
train,ROIs2017_130_patch_94,0.10202967,0.076544955,0.07317329,0.11303316,0.06524658203125,4276,light,True,False,False,True,2
train,ROIs2017_130_patch_252,0.09028664,0.07631518,0.07877537,0.112542294,0.0093841552734375,615,light,True,False,True,False,1
train,ROIs1970_57_patch_230,0.056506414,0.0648834,0.10053143,0.08832227,0.0,0,empty/not-detected,True,False,False,False,0
train,ROIs1970_112_patch_89,0.3590935,0.2402069,0.2261003,0.5475553,0.8440704345703125,55317,heavy,False,True,False,True,2
train,ROIs1970_83_patch_128,0.0786218,0.14100221,0.08568519,0.23083617,0.0011749267578125,77,light,True,False,True,False,0
train,ROIs1970_112_patch_237,0.6660191,0.05834918,0.04581823,0.6925931,1.0,65536,heavy,True,False,False,True,2
train,ROIs1970_83_patch_89,0.08959161,0.13037257,0.0867229,0.2950813,0.030548095703125,2002,light,True,False,False,True,2
train,ROIs2017_130_patch_251,0.13499074,0.14144309,0.12677196,0.14359254,0.137298583984375,8998,medium,True,False,False,True,2
train,ROIs2017_115_patch_234,0.053387966,0.05519234,0.6066235,0.6606873,0.0,0,empty/not-detected,True,False,True,False,0
train,ROIs2017_115_patch_69,0.07815751,0.07682297,0.09133692,0.71032465,0.0001373291015625,9,light,True,False,True,False,1
train,ROIs2017_130_patch_14,0.10973292,0.06676078,0.06305838,0.09896119,0.13543701171875,8876,medium,False,True,False,True,2
train,ROIs1970_83_patch_96,0.07902973,0.12493534,0.11236541,0.21921606,0.0,0,empty/not-detected,True,False,True,False,0
train,ROIs2017_130_patch_77,0.10008518,0.07909269,0.07315688,0.10810366,0.043670654296875,2862,light,True,False,True,False,2
train,ROIs1970_83_patch_252,0.082295276,0.14400098,0.09634012,0.36869308,0.00079345703125,52,light,False,True,False,False,0
train,ROIs2017_69_patch_252,0.041477516,0.6893498,0.049637392,0.2799785,4.57763671875e-05,3,light,True,False,False,False,0
train,ROIs1868_127_patch_248,0.09791842,0.51355535,0.10775942,0.48244736,0.002960205078125,194,light,True,False,True,False,0
train,ROIs2017_69_patch_132,0.036287803,0.5169749,0.042842142,0.6508066,0.0,0,empty/not-detected,True,False,True,False,0
train,ROIs2017_130_patch_255,0.0767173,0.062414702,0.07831751,0.08502532,0.0060882568359375,399,light,True,False,True,False,1
train,ROIs1970_112_patch_13,0.053869754,0.33576182,0.036998015,0.70759517,0.0631256103515625,4137,light,False,True,False,True,2
train,ROIs1970_112_patch_122,0.09206481,0.24378093,0.04336028,0.68321705,0.14697265625,9632,medium,False,True,False,True,2
train,ROIs2017_115_patch_210,0.06903787,0.067475975,0.5940546,0.63022256,0.0,0,empty/not-detected,True,False,True,False,1
train,ROIs2017_69_patch_15,0.035437685,0.5462489,0.039546177,0.6022834,0.0001373291015625,9,light,True,False,False,False,0
train,ROIs1868_127_patch_242,0.09957267,0.5169595,0.109351814,0.2826968,0.043914794921875,2878,light,False,True,False,False,0
train,ROIs2017_130_patch_34,0.10978853,0.10090978,0.07977531,0.11713128,0.106201171875,6960,medium,False,True,False,True,2
train,ROIs1970_83_patch_12,0.06448921,0.1442157,0.059910208,0.30592522,0.0010528564453125,69,light,False,True,False,True,2
train,ROIs1868_127_patch_159,0.08982511,0.6211837,0.09486118,0.47602046,0.0,0,empty/not-detected,True,False,True,False,0
train,ROIs1868_127_patch_204,0.09642866,0.44028962,0.11204556,0.39841014,0.0157012939453125,1029,light,False,True,False,False,0
train,ROIs1970_57_patch_235,0.05546599,0.07111465,0.08560523,0.10384081,0.0,0,empty/not-detected,True,False,True,False,0
train,ROIs2017_69_patch_192,0.037873447,0.6359356,0.04443948,0.5339385,0.0,0,empty/not-detected,True,False,True,False,0
train,ROIs1970_112_patch_230,0.54467106,0.09898526,0.3087119,0.4479761,1.0,65536,heavy,False,True,False,True,1
train,ROIs2017_115_patch_272,0.07051903,0.070951924,0.3918995,0.6686496,0.0001983642578125,13,light,True,False,True,False,0
train,ROIs1970_57_patch_160,0.056878485,0.067050874,0.09102814,0.09192824,6.103515625e-05,4,light,True,False,False,False,0
train,ROIs2017_115_patch_185,0.06584377,0.06615265,0.49457294,0.6754904,0.0,0,empty/not-detected,True,False,True,False,0
train,ROIs2017_115_patch_22,0.0642219,0.061112627,0.15720947,0.7103343,0.0,0,empty/not-detected,True,False,True,False,1
train,ROIs1868_127_patch_149,0.10353937,0.17484817,0.11354962,0.38685402,0.1561279296875,10232,medium,False,True,False,False,0
train,ROIs2017_130_patch_75,0.09771525,0.062782384,0.05632398,0.10854841,0.0432586669921875,2835,light,False,True,False,True,2
train,ROIs2017_115_patch_178,0.061826963,0.06197653,0.086784996,0.70263404,0.00018310546875,12,light,True,False,True,False,0
train,ROIs2017_69_patch_103,0.035308037,0.58490777,0.039200407,0.37778795,0.0,0,empty/not-detected,True,False,True,False,0
train,ROIs1970_112_patch_77,0.06240998,0.13064209,0.053072933,0.6538733,0.0821380615234375,5383,light,False,True,False,True,2
train,ROIs1970_57_patch_150,0.059746463,0.07620353,0.084045656,0.114001006,0.0,0,empty/not-detected,True,False,False,False,0
train,ROIs1970_112_patch_198,0.5807265,0.064975165,0.023278251,0.5923573,1.0,65536,heavy,True,False,False,True,2
train,ROIs2017_69_patch_91,0.03634486,0.43394247,0.04175633,0.6388707,0.0,0,empty/not-detected,True,False,True,False,0
train,ROIs2017_115_patch_154,0.05672122,0.0550492,0.24570183,0.7167335,0.000152587890625,10,light,True,False,True,False,1
train,ROIs2017_115_patch_46,0.071790725,0.06050762,0.33591938,0.7184052,0.000335693359375,22,light,True,False,True,False,1
train,ROIs1970_83_patch_73,0.0695658,0.14263293,0.080091976,0.27739343,0.00225830078125,148,light,True,False,True,False,0
train,ROIs2017_130_patch_136,0.09758948,0.08704076,0.09318115,0.1363496,0.0016632080078125,109,light,False,True,False,True,1
train,ROIs1970_57_patch_81,0.06783265,0.086769566,0.08485423,0.111974515,0.0,0,empty/not-detected,True,False,False,False,0
train,ROIs1970_57_patch_45,0.07244504,0.0996789,0.08617227,0.11511086,0.0,0,empty/not-detected,True,False,False,False,0
train,ROIs2017_130_patch_158,0.103281185,0.08303115,0.09617004,0.11698079,0.0507354736328125,3325,light,False,True,False,True,1
train,ROIs1868_127_patch_121,0.08619965,0.52180254,0.09075259,0.4843837,0.01898193359375,1244,light,True,False,True,False,0
train,ROIs2017_115_patch_28,0.087604865,0.06143962,0.28958997,0.72932154,0.0080718994140625,529,light,True,False,True,False,1
train,ROIs1970_83_patch_51,0.062089693,0.12753585,0.0640582,0.32449004,0.0005035400390625,33,light,True,False,False,False,0
train,ROIs2017_115_patch_87,0.079857506,0.077467605,0.09402363,0.7284231,0.0,0,empty/not-detected,True,False,True,False,1
train,ROIs2017_130_patch_40,0.09974522,0.09846489,0.0927162,0.114833176,0.0,0,empty/not-detected,True,False,False,False,2
train,ROIs1868_127_patch_114,0.10666402,0.1443439,0.11448849,0.36179507,0.1310882568359375,8591,medium,False,True,False,False,0
train,ROIs1970_112_patch_204,0.5810142,0.06515952,0.047793217,0.75144154,1.0,65536,heavy,False,True,False,True,2
train,ROIs2017_130_patch_41,0.1015993,0.075801805,0.06970528,0.10785085,0.0656280517578125,4301,light,True,False,False,True,2
train,ROIs1868_127_patch_195,0.09328264,0.30607894,0.10112378,0.43868393,0.0081329345703125,533,light,True,False,True,False,0
train,ROIs2017_115_patch_64,0.068804756,0.06547943,0.09428124,0.7044346,0.000396728515625,26,light,True,False,True,False,1
train,ROIs1970_57_patch_46,0.087011606,0.11495705,0.09599594,0.10846752,0.0,0,empty/not-detected,True,False,False,False,0
train,ROIs1970_112_patch_114,0.23135534,0.12207998,0.029619122,0.74018997,0.815521240234375,53446,heavy,False,True,False,True,2
train,ROIs2017_69_patch_45,0.027852088,0.57999974,0.032327354,0.5453284,0.0,0,empty/not-detected,True,False,True,False,0
train,ROIs1970_112_patch_28,0.18311757,0.15680946,0.08772622,0.6646204,0.3081207275390625,20193,heavy,False,True,False,True,2
train,ROIs1970_112_patch_38,0.18692726,0.09503105,0.021170633,0.7043706,0.546142578125,35792,heavy,True,False,False,True,2
train,ROIs1970_112_patch_259,0.61111456,0.055232093,0.13962455,0.6416811,1.0,65536,heavy,True,False,False,True,1
train,ROIs1970_83_patch_106,0.08471127,0.1609508,0.08555438,0.24715237,0.007354736328125,482,light,True,False,False,False,0
train,ROIs1970_112_patch_205,0.31624478,0.071257964,0.16215059,0.69790745,0.8560333251953125,56101,heavy,False,True,False,True,1
train,ROIs1970_83_patch_197,0.08798662,0.094650276,0.10044057,0.29570898,0.01336669921875,876,light,True,False,False,False,0
train,ROIs2017_69_patch_176,0.041525383,0.61054206,0.047339965,0.31418416,0.0,0,empty/not-detected,True,False,True,False,0
train,ROIs2017_69_patch_20,0.046064697,0.61606306,0.04829203,0.5241912,0.0,0,empty/not-detected,True,False,True,False,0
train,ROIs1970_83_patch_119,0.084359005,0.16747287,0.09686405,0.2561102,0.0007781982421875,51,light,False,True,False,False,0
train,ROIs2017_130_patch_233,0.13791254,0.12983014,0.12717323,0.12594205,0.4454803466796875,29195,heavy,True,False,False,True,3
train,ROIs1970_57_patch_20,0.072367534,0.094459444,0.08517537,0.111205675,0.0,0,empty/not-detected,True,False,False,False,0
train,ROIs2017_130_patch_87,0.117199,0.12016511,0.10881989,0.10243641,0.0849456787109375,5567,light,False,True,False,True,3
train,ROIs1970_112_patch_115,0.19236115,0.18541962,0.044705074,0.72861606,0.615447998046875,40334,heavy,False,True,False,True,2
train,ROIs1970_83_patch_237,0.07832737,0.14482653,0.08925979,0.2678005,0.0003662109375,24,light,True,False,True,False,0
train,ROIs2017_69_patch_260,0.035111994,0.7322378,0.039000023,0.15634252,0.0006103515625,40,light,False,True,False,False,0
train,ROIs1970_57_patch_216,0.050124746,0.061267287,0.08314644,0.09277416,0.0,0,empty/not-detected,True,False,False,False,0
train,ROIs2017_69_patch_258,0.04365096,0.697716,0.048700076,0.110495694,6.103515625e-05,4,light,True,False,False,False,0
train,ROIs1970_112_patch_215,0.34627172,0.10446732,0.12498819,0.57270306,0.7461700439453125,48901,heavy,False,True,False,True,1
train,ROIs2017_115_patch_213,0.06666533,0.06656451,0.4734308,0.6546853,0.0,0,empty/not-detected,True,False,True,False,1
train,ROIs2017_69_patch_241,0.03701934,0.63350517,0.0420572,0.108831495,0.0,0,empty/not-detected,True,False,True,False,0
train,ROIs1970_112_patch_108,0.14576064,0.18888977,0.022116523,0.71758515,0.43505859375,28512,heavy,True,False,False,True,2
train,ROIs1868_127_patch_206,0.08922396,0.4419486,0.0999386,0.44532692,0.0065155029296875,427,light,True,False,True,False,0
train,ROIs1868_127_patch_61,0.09537045,0.20188588,0.101406276,0.5380719,0.036773681640625,2410,light,True,False,True,False,0
train,ROIs2017_69_patch_127,0.038339626,0.47803456,0.043253154,0.6670439,7.62939453125e-05,5,light,True,False,False,False,0
train,ROIs2017_115_patch_255,0.065375164,0.06578439,0.0887462,0.65069467,0.0011749267578125,77,light,True,False,True,False,0
train,ROIs2017_69_patch_144,0.040338896,0.5253568,0.04632687,0.60597044,0.0,0,empty/not-detected,True,False,True,False,0
train,ROIs1970_83_patch_267,0.08484805,0.29493362,0.10003967,0.3559077,0.0001373291015625,9,light,True,False,False,False,0
train,ROIs1868_127_patch_111,0.10372727,0.21471842,0.10510485,0.3578909,0.106781005859375,6998,medium,False,True,False,False,0
train,ROIs1970_57_patch_10,0.07254405,0.10364063,0.08501506,0.117904976,0.0,0,empty/not-detected,True,False,False,False,0
train,ROIs2017_115_patch_277,0.060489487,0.06307634,0.07516794,0.70328194,0.0001983642578125,13,light,True,False,True,False,0
train,ROIs1970_112_patch_14,0.11591724,0.23428649,0.059927918,0.7120272,0.159027099609375,10422,medium,False,True,False,True,2
train,ROIs1970_83_patch_279,0.08984793,0.12846991,0.102292836,0.2804128,0.0,0,empty/not-detected,True,False,True,False,0
train,ROIs1970_83_patch_85,0.1157317,0.15135352,0.10266734,0.27763075,0.1613616943359375,10575,medium,False,True,False,True,2
train,ROIs1970_57_patch_52,0.063992724,0.0854947,0.079765916,0.101744734,0.0,0,empty/not-detected,True,False,False,False,0
train,ROIs1970_57_patch_172,0.07311146,0.084516756,0.09421563,0.097797915,0.000335693359375,22,light,True,False,False,False,0
train,ROIs2017_130_patch_89,0.13452181,0.14154547,0.10965416,0.11069572,0.3514556884765625,23033,heavy,True,False,False,True,2
train,ROIs2017_69_patch_25,0.029762398,0.60587096,0.03293602,0.47319344,0.0,0,empty/not-detected,True,False,True,False,0
train,ROIs1970_83_patch_272,0.085722074,0.13146742,0.101577885,0.3754173,0.0001068115234375,7,light,True,False,False,False,0
train,ROIs1970_83_patch_151,0.07672188,0.14834903,0.07877143,0.20902357,0.0054779052734375,359,light,True,False,False,False,0
train,ROIs1970_83_patch_216,0.07382786,0.113537885,0.08663909,0.33147967,0.000396728515625,26,light,True,False,True,False,0
train,ROIs1868_127_patch_193,0.100157246,0.29607305,0.10603918,0.3736159,0.0445709228515625,2921,light,False,True,False,False,0
train,ROIs2017_69_patch_203,0.042708702,0.66793287,0.047658283,0.14526571,4.57763671875e-05,3,light,True,False,False,False,0
train,ROIs1970_83_patch_277,0.08323605,0.12967975,0.09267337,0.3509949,0.0,0,empty/not-detected,True,False,True,False,0
train,ROIs1970_83_patch_270,0.090532534,0.17279652,0.10949629,0.32487404,0.0,0,empty/not-detected,True,False,True,False,0
train,ROIs2017_115_patch_187,0.06559168,0.06851894,0.5416577,0.71436477,0.0,0,empty/not-detected,True,False,True,False,0
train,ROIs2017_115_patch_137,0.06802923,0.062251836,0.084037945,0.728755,0.0,0,empty/not-detected,True,False,True,False,1
train,ROIs1970_57_patch_51,0.056966834,0.07957701,0.074659005,0.09871559,0.0,0,empty/not-detected,True,False,False,False,0
train,ROIs1970_57_patch_138,0.06019807,0.07334677,0.099330485,0.10044214,0.000274658203125,18,light,True,False,False,False,0
train,ROIs1970_57_patch_252,0.0580637,0.07186624,0.08880925,0.10498741,0.0,0,empty/not-detected,True,False,True,False,0
train,ROIs1868_127_patch_180,0.089553714,0.5410871,0.10033495,0.22686772,0.0025177001953125,165,light,True,False,True,False,0
train,ROIs2017_115_patch_233,0.054263078,0.056181513,0.5811126,0.63501227,0.0,0,empty/not-detected,True,False,True,False,0
train,ROIs1868_127_patch_69,0.0880365,0.455693,0.08522745,0.4637438,0.0763397216796875,5003,light,True,False,False,True,2
train,ROIs1868_127_patch_84,0.0940488,0.4243405,0.096824676,0.4499293,0.0034637451171875,227,light,True,False,True,False,0
train,ROIs2017_130_patch_238,0.08579309,0.05494485,0.06295945,0.10038579,0.0432891845703125,2837,light,True,False,False,True,1
train,ROIs2017_69_patch_140,0.036483716,0.58998924,0.03788858,0.52772707,0.0,0,empty/not-detected,True,False,True,False,0
train,ROIs1868_127_patch_201,0.101192154,0.50229037,0.11447914,0.19996281,0.0023040771484375,151,light,True,False,True,False,0
train,ROIs2017_130_patch_50,0.10310795,0.08525874,0.08267629,0.1123055,0.0759429931640625,4977,light,False,True,False,True,2
train,ROIs1970_112_patch_187,0.48442978,0.09469708,0.18128781,0.76208997,0.9845733642578125,64525,heavy,False,True,False,True,1
train,ROIs2017_115_patch_279,0.08029138,0.08164338,0.09929947,0.72631294,0.0,0,empty/not-detected,True,False,True,False,0
train,ROIs1970_112_patch_130,0.49641278,0.09750028,0.045664363,0.7692497,0.999755859375,65520,heavy,True,False,False,True,2
train,ROIs2017_69_patch_124,0.040257014,0.53274244,0.0457081,0.5758282,0.0,0,empty/not-detected,True,False,True,False,0
train,ROIs2017_115_patch_1,0.060774997,0.08165169,0.63319004,0.7225285,0.0,0,empty/not-detected,True,False,True,False,0
train,ROIs1970_57_patch_14,0.05538016,0.08728999,0.071424685,0.11624422,0.0,0,empty/not-detected,True,False,False,False,0
train,ROIs1970_112_patch_201,0.56443864,0.092911266,0.041621864,0.69163513,0.9935150146484375,65111,heavy,False,True,False,True,2
train,ROIs2017_69_patch_206,0.042294912,0.6397393,0.05364811,0.41476268,0.0,0,empty/not-detected,True,False,True,False,0
train,ROIs1970_112_patch_176,0.18317671,0.44422007,0.29917532,0.35635257,0.7967376708984375,52215,heavy,False,True,False,False,0
train,ROIs2017_69_patch_35,0.034309793,0.5230753,0.040820815,0.618914,0.0,0,empty/not-detected,True,False,True,False,0
train,ROIs1970_57_patch_148,0.06410477,0.0795768,0.090677835,0.103234306,0.000762939453125,50,light,True,False,True,False,0
train,ROIs1868_127_patch_140,0.08436302,0.6581561,0.088226505,0.47218496,0.0016632080078125,109,light,True,False,True,False,0
train,ROIs2017_130_patch_235,0.0923889,0.06353572,0.07111651,0.10254744,0.003662109375,240,light,True,False,True,False,1
train,ROIs1970_83_patch_76,0.07690293,0.12896462,0.11031872,0.18388274,0.0016326904296875,107,light,True,False,True,False,0
train,ROIs2017_115_patch_13,0.08856421,0.07048368,0.10689719,0.7460564,0.023712158203125,1554,light,False,True,False,True,1
train,ROIs1970_112_patch_190,0.19249661,0.059475712,0.27041072,0.7291571,0.6589202880859375,43183,heavy,False,True,False,True,1
train,ROIs2017_69_patch_196,0.043035094,0.6592932,0.051357433,0.44595516,0.0022430419921875,147,light,False,True,False,False,0
train,ROIs1970_83_patch_23,0.08632675,0.1721468,0.083643645,0.26341435,0.0168304443359375,1103,light,False,True,False,True,2
train,ROIs1970_83_patch_145,0.0905428,0.14157923,0.09124135,0.21953103,0.0094451904296875,619,light,True,False,False,False,0
train,ROIs2017_115_patch_48,0.08835483,0.07263445,0.12537166,0.72250533,0.0197601318359375,1295,light,True,False,True,False,1
train,ROIs1970_57_patch_74,0.05574713,0.07126732,0.077425495,0.09918085,0.0,0,empty/not-detected,True,False,True,False,0
train,ROIs1970_83_patch_205,0.086514525,0.096639216,0.109128356,0.2358347,0.00213623046875,140,light,True,False,False,False,0
train,ROIs1970_83_patch_192,0.080621034,0.08684548,0.11123298,0.40726233,0.0197601318359375,1295,light,True,False,False,False,0
train,ROIs1970_83_patch_253,0.09129457,0.12266409,0.10781152,0.33334693,0.000152587890625,10,light,True,False,False,False,0
train,ROIs1868_127_patch_72,0.09617179,0.4582069,0.10214324,0.40980098,0.00128173828125,84,light,True,False,True,False,0
train,ROIs1970_112_patch_195,0.4825574,0.123221636,0.26249897,0.5707494,1.0,65536,heavy,False,True,False,True,1
train,ROIs1970_83_patch_9,0.067311026,0.117104,0.061404265,0.3167285,0.0011444091796875,75,light,True,False,True,False,2
train,ROIs2017_69_patch_169,0.040115442,0.6154349,0.04608247,0.5691805,0.0,0,empty/not-detected,True,False,False,False,0
train,ROIs1970_83_patch_31,0.05984585,0.13396662,0.057506602,0.34108055,0.000579833984375,38,light,True,False,False,True,2
train,ROIs1970_83_patch_211,0.08358087,0.10166532,0.10821226,0.45367134,0.0,0,empty/not-detected,True,False,True,False,0
train,ROIs2017_115_patch_49,0.07944404,0.07505158,0.10941794,0.7278377,0.0004730224609375,31,light,True,False,True,False,1
train,ROIs1970_112_patch_0,0.2859247,0.104688525,0.021802383,0.64913523,0.673004150390625,44106,heavy,True,False,False,True,2
train,ROIs1970_83_patch_159,0.103973016,0.14129065,0.09725527,0.2326911,0.099456787109375,6518,light,False,True,False,True,2
train,ROIs1868_127_patch_86,0.09443944,0.5487107,0.088163905,0.42255083,0.0022735595703125,149,light,True,False,True,False,2
train,ROIs1868_127_patch_107,0.092414245,0.51353997,0.09028075,0.29243058,0.0424041748046875,2779,light,False,True,False,True,2
train,ROIs2017_69_patch_109,0.03599062,0.4567893,0.039304994,0.65276694,0.0,0,empty/not-detected,True,False,False,False,0
train,ROIs1970_57_patch_211,0.05788876,0.06779079,0.10787713,0.09123749,0.00030517578125,20,light,True,False,True,False,0
train,ROIs2017_115_patch_63,0.071804635,0.066611685,0.0937492,0.7091248,0.0,0,empty/not-detected,True,False,True,False,1
train,ROIs2017_130_patch_189,0.10765939,0.08185819,0.07745376,0.11249739,0.044647216796875,2926,light,False,True,False,True,2
train,ROIs2017_69_patch_115,0.041380726,0.6271095,0.04785642,0.3553129,0.0,0,empty/not-detected,False,True,False,False,0
train,ROIs1970_57_patch_16,0.07540405,0.10933566,0.08565258,0.1105604,0.0,0,empty/not-detected,True,False,False,False,0
train,ROIs2017_69_patch_57,0.034806818,0.6148714,0.033455208,0.49189752,0.0,0,empty/not-detected,True,False,True,False,2
train,ROIs1970_57_patch_124,0.061519768,0.07479899,0.09304416,0.09369683,0.000396728515625,26,light,True,False,True,False,0
train,ROIs1970_83_patch_148,0.085892856,0.12583765,0.09215568,0.22608122,0.005279541015625,346,light,True,False,False,False,0
train,ROIs1970_83_patch_112,0.087889574,0.10796575,0.09023036,0.3005861,0.0068817138671875,451,light,True,False,True,False,0
train,ROIs2017_69_patch_78,0.029927194,0.59113324,0.031883784,0.44413942,0.0,0,empty/not-detected,True,False,True,False,0
train,ROIs1970_83_patch_86,0.09645919,0.17779371,0.08845592,0.27685186,0.0404205322265625,2649,light,False,True,False,True,2
train,ROIs2017_69_patch_158,0.038968448,0.61684513,0.042771462,0.47256964,0.0,0,empty/not-detected,True,False,True,False,0
train,ROIs1970_83_patch_54,0.06535569,0.14297569,0.06948218,0.28284228,0.0,0,empty/not-detected,True,False,True,False,0
train,ROIs1970_83_patch_177,0.0894947,0.116091914,0.0948465,0.26961797,0.0153045654296875,1003,light,True,False,False,False,0
train,ROIs1868_127_patch_264,0.10448362,0.52980065,0.11447297,0.3765546,0.00146484375,96,light,True,False,True,False,0
train,ROIs2017_130_patch_66,0.08628176,0.07538872,0.09185115,0.17427644,0.0002288818359375,15,light,False,True,False,True,1
train,ROIs1970_83_patch_245,0.064386174,0.20034161,0.06993005,0.16388652,0.0001220703125,8,light,False,True,False,False,0
train,ROIs2017_130_patch_26,0.10835404,0.09428292,0.093319856,0.10906596,0.0398712158203125,2613,light,False,True,False,True,2
train,ROIs1970_57_patch_140,0.06656811,0.07757285,0.09217113,0.093106724,0.00054931640625,36,light,True,False,False,False,0
train,ROIs2017_69_patch_229,0.041626588,0.68859696,0.054028444,0.3440288,0.00311279296875,204,light,False,True,False,False,0
train,ROIs1970_57_patch_184,0.061636694,0.0774175,0.0874096,0.10590062,0.000335693359375,22,light,True,False,False,False,0
train,ROIs2017_130_patch_184,0.09128629,0.0511023,0.05229694,0.09949246,0.01422119140625,932,light,False,True,False,True,1
train,ROIs1970_112_patch_185,0.5595811,0.064246535,0.06409646,0.68157345,0.9906005859375,64920,heavy,False,True,False,True,2
train,ROIs1970_57_patch_60,0.06564175,0.088052705,0.080388896,0.1106139,0.0,0,empty/not-detected,True,False,False,False,0
train,ROIs1970_112_patch_119,0.0702512,0.17063725,0.031052537,0.61160374,0.00872802734375,572,light,False,True,False,True,2
train,ROIs2017_115_patch_221,0.062480483,0.06307367,0.08083093,0.68382764,0.003326416015625,218,light,True,False,False,False,0
train,ROIs2017_115_patch_182,0.05191137,0.054253343,0.09747874,0.7112342,0.0004730224609375,31,light,True,False,False,False,0
train,ROIs1970_83_patch_278,0.08705668,0.14725682,0.0970307,0.30856436,0.0,0,empty/not-detected,True,False,True,False,0
train,ROIs2017_115_patch_136,0.06785967,0.06150924,0.29307985,0.73678094,0.0,0,empty/not-detected,True,False,True,False,1
train,ROIs1970_57_patch_73,0.07109055,0.086443625,0.08797995,0.10375138,0.0013885498046875,91,light,True,False,False,False,0
train,ROIs1970_112_patch_44,0.06821045,0.08492632,0.03683066,0.67556614,0.0664825439453125,4357,light,False,True,False,True,2
train,ROIs1868_127_patch_15,0.09395932,0.15562846,0.09526453,0.5294374,0.0478363037109375,3135,light,False,True,False,False,0
train,ROIs1970_57_patch_117,0.07017522,0.087757245,0.09486753,0.11302844,1.52587890625e-05,1,light,True,False,False,False,0
train,ROIs1970_83_patch_101,0.09487595,0.16183776,0.09076531,0.27926353,0.073883056640625,4842,light,True,False,False,True,2
train,ROIs1970_57_patch_9,0.072207846,0.10647187,0.08492731,0.120657235,0.0,0,empty/not-detected,True,False,False,False,0
train,ROIs1970_57_patch_35,0.062493727,0.087375484,0.07689617,0.10403483,0.0,0,empty/not-detected,True,False,False,False,0
train,ROIs1970_57_patch_179,0.050983403,0.059857294,0.08864653,0.08375881,0.0,0,empty/not-detected,True,False,False,False,0
train,ROIs1970_57_patch_5,0.056792144,0.08268267,0.070788324,0.10683759,0.0,0,empty/not-detected,True,False,True,False,0
train,ROIs1970_83_patch_142,0.08643453,0.2026625,0.09499042,0.22456667,0.0026092529296875,171,light,True,False,True,False,0
train,ROIs2017_130_patch_220,0.08860336,0.061853733,0.06491114,0.10298952,0.0416107177734375,2727,light,True,False,True,False,1
train,ROIs1868_127_patch_165,0.0986097,0.2853787,0.107729994,0.19164507,0.0179443359375,1176,light,False,True,False,False,0
train,ROIs2017_115_patch_172,0.054344382,0.05302862,0.58884716,0.6913665,0.0,0,empty/not-detected,True,False,True,False,1
train,ROIs1970_112_patch_68,0.4943455,0.14387587,0.03941416,0.629742,0.9967041015625,65320,heavy,False,True,False,True,2
train,ROIs1970_83_patch_175,0.08217577,0.122963026,0.0901905,0.4248306,0.0036468505859375,239,light,False,True,False,False,0
train,ROIs2017_130_patch_1,0.0961328,0.056377895,0.04904861,0.10593942,0.051300048828125,3362,light,True,False,True,False,2
train,ROIs2017_115_patch_167,0.06156724,0.062476657,0.25282544,0.710634,0.000946044921875,62,light,True,False,True,False,0
train,ROIs1970_83_patch_229,0.08493917,0.2494983,0.1017367,0.41237736,6.103515625e-05,4,light,True,False,False,False,0
train,ROIs1868_127_patch_14,0.10458809,0.14980747,0.110589504,0.52317756,0.1233062744140625,8081,medium,False,True,False,False,0
train,ROIs1970_83_patch_60,0.10430515,0.105961114,0.107036345,0.1569857,0.12213134765625,8004,medium,False,True,False,False,0
train,ROIs1868_127_patch_212,0.0988142,0.5026463,0.09370504,0.4249571,0.0009002685546875,59,light,True,False,True,False,2
train,ROIs1970_83_patch_92,0.090007536,0.1391553,0.09129423,0.25897506,0.0043792724609375,287,light,False,True,False,False,0
train,ROIs1970_83_patch_182,0.1089479,0.07950523,0.11255938,0.24724956,0.0878143310546875,5755,light,True,False,False,True,1
train,ROIs2017_115_patch_145,0.05894452,0.054208167,0.08384117,0.73159885,0.000213623046875,14,light,True,False,True,False,1
train,ROIs1970_57_patch_236,0.06376231,0.07997367,0.09291444,0.11144513,0.0,0,empty/not-detected,True,False,True,False,0
train,ROIs1868_127_patch_10,0.091588095,0.23183899,0.09360788,0.5599076,0.0027008056640625,177,light,True,False,True,False,0
train,ROIs2017_69_patch_268,0.04935535,0.67763966,0.056053758,0.41618335,0.0005645751953125,37,light,False,True,False,False,0
train,ROIs2017_130_patch_58,0.10264413,0.1037031,0.09735046,0.098620094,0.0,0,empty/not-detected,True,False,False,False,2
train,ROIs1970_57_patch_56,0.06875403,0.08532639,0.08207375,0.105980046,0.002166748046875,142,light,True,False,True,False,0
train,ROIs1970_57_patch_186,0.062091418,0.08236967,0.08407381,0.119519584,4.57763671875e-05,3,light,True,False,False,False,0
train,ROIs1970_112_patch_161,0.5023367,0.09690426,0.41493088,0.60741657,0.956787109375,62704,heavy,False,True,False,True,1
train,ROIs1970_83_patch_164,0.08951412,0.09965485,0.09597325,0.25715655,0.0537567138671875,3523,light,True,False,False,False,0
train,ROIs2017_115_patch_79,0.06854984,0.058477983,0.10163645,0.65512234,0.0070343017578125,461,light,True,False,False,True,1
train,ROIs1970_83_patch_238,0.08057712,0.1534743,0.09385508,0.2540859,0.0,0,empty/not-detected,True,False,True,False,0
train,ROIs2017_130_patch_93,0.104481936,0.06690816,0.065029845,0.10795556,0.1115570068359375,7311,medium,True,False,False,True,2
train,ROIs2017_115_patch_116,0.07295565,0.060910184,0.6159251,0.6545406,0.0001220703125,8,light,True,False,True,False,1
train,ROIs2017_130_patch_161,0.14557336,0.13406369,0.11993816,0.10444577,0.63397216796875,41548,heavy,True,False,True,False,3
train,ROIs1970_112_patch_47,0.33544633,0.13468342,0.04697921,0.6386676,0.575225830078125,37698,heavy,False,True,False,True,2
train,ROIs2017_115_patch_278,0.07161052,0.073151246,0.09105542,0.7123589,6.103515625e-05,4,light,True,False,True,False,0
train,ROIs1970_112_patch_184,0.594544,0.0702917,0.041347787,0.6593261,1.0,65536,heavy,False,True,False,True,2
train,ROIs2017_69_patch_12,0.03378299,0.60259223,0.037742414,0.62930334,0.0,0,empty/not-detected,True,False,True,False,0
train,ROIs1970_83_patch_181,0.105367765,0.12016934,0.10183139,0.2187412,0.0640716552734375,4199,light,False,True,False,True,2
train,ROIs1970_57_patch_233,0.06185498,0.07192334,0.086881675,0.09389775,0.004058837890625,266,light,True,False,False,False,0
train,ROIs2017_69_patch_151,0.039164755,0.5646405,0.04630662,0.66687214,0.0,0,empty/not-detected,True,False,True,False,0
train,ROIs2017_130_patch_97,0.09825603,0.08616952,0.08915868,0.1239751,0.004241943359375,278,light,False,True,False,True,1
train,ROIs1970_112_patch_218,0.5502606,0.08381512,0.050860588,0.69460505,0.999237060546875,65486,heavy,False,True,False,True,2
train,ROIs1868_127_patch_41,0.08775533,0.21997268,0.09415464,0.5613571,0.0048370361328125,317,light,True,False,True,False,0
train,ROIs1970_57_patch_31,0.055433355,0.0811829,0.071086064,0.11133546,0.0,0,empty/not-detected,True,False,False,False,0
train,ROIs2017_130_patch_99,0.09358305,0.080284275,0.09043922,0.13561094,0.0023040771484375,151,light,False,True,False,True,1
train,ROIs1970_57_patch_59,0.061457045,0.084631935,0.077469185,0.10978911,0.0,0,empty/not-detected,True,False,True,False,0
train,ROIs1970_83_patch_184,0.10135641,0.07528648,0.122194506,0.26737285,0.0819091796875,5368,light,True,False,False,True,1
train,ROIs1970_83_patch_69,0.08990596,0.11635329,0.085235,0.3230972,0.0552520751953125,3621,light,True,False,False,True,2
train,ROIs1868_127_patch_18,0.086174324,0.6628331,0.09109792,0.48024437,0.004730224609375,310,light,True,False,True,False,0
train,ROIs1970_112_patch_36,0.1298951,0.19022277,0.021779835,0.6967174,0.287750244140625,18858,medium,True,False,False,True,2
train,ROIs2017_115_patch_219,0.06482309,0.06595153,0.1960372,0.7145362,0.0001373291015625,9,light,True,False,True,False,0
train,ROIs1970_83_patch_2,0.09051311,0.27302673,0.0913506,0.18730214,0.010345458984375,678,light,False,True,False,False,0
train,ROIs1970_112_patch_62,0.15068428,0.09877479,0.048236247,0.6545436,0.3347625732421875,21939,heavy,False,True,False,True,2
train,ROIs2017_130_patch_59,0.10458349,0.117255025,0.10336833,0.10260453,0.0078277587890625,513,light,True,False,True,False,3
train,ROIs2017_115_patch_206,0.06771643,0.069131725,0.2760597,0.70889586,0.00146484375,96,light,True,False,True,False,0
train,ROIs1868_127_patch_66,0.07800609,0.46569136,0.0793392,0.5033362,0.0038909912109375,255,light,True,False,True,False,0
train,ROIs1868_127_patch_51,0.07569617,0.4383756,0.07919081,0.5513613,0.0066680908203125,437,light,True,False,True,False,0
train,ROIs2017_115_patch_150,0.0558656,0.059618022,0.08009314,0.72656804,0.0007476806640625,49,light,True,False,True,False,0
train,ROIs2017_130_patch_162,0.09141432,0.06484207,0.073420994,0.13704394,0.00335693359375,220,light,True,False,True,False,1
train,ROIs1970_83_patch_247,0.08908944,0.37722245,0.111559644,0.328399,9.1552734375e-05,6,light,True,False,False,False,0
train,ROIs1970_57_patch_222,0.06348189,0.07427843,0.09996214,0.09902452,0.0,0,empty/not-detected,True,False,False,False,0
train,ROIs1868_127_patch_219,0.09976988,0.5906974,0.11903635,0.16272831,0.002197265625,144,light,True,False,True,False,0
train,ROIs1970_112_patch_217,0.5955808,0.07608636,0.04601945,0.6011527,1.0,65536,heavy,True,False,False,True,2
train,ROIs1970_83_patch_231,0.084367126,0.18069454,0.099149354,0.4043477,0.0008544921875,56,light,True,False,True,False,0
train,ROIs2017_115_patch_202,0.055495474,0.056177974,0.075967714,0.7027627,0.0004730224609375,31,light,True,False,True,False,0
train,ROIs2017_115_patch_205,0.07983992,0.07899142,0.21534596,0.71509135,0.02276611328125,1492,light,False,True,False,True,1
train,ROIs2017_130_patch_138,0.10022642,0.076392666,0.084992796,0.12834026,0.0107421875,704,light,False,True,False,True,1
train,ROIs2017_130_patch_232,0.11344436,0.10305117,0.10291979,0.14359377,0.04339599609375,2844,light,False,True,False,True,2
train,ROIs2017_130_patch_208,0.116085574,0.09596863,0.08643657,0.10977794,0.0395965576171875,2595,light,True,False,False,True,2
train,ROIs1970_57_patch_218,0.058084834,0.073761836,0.0873301,0.104680076,0.0001373291015625,9,light,True,False,True,False,0
train,ROIs1970_83_patch_204,0.08896852,0.06499294,0.13414384,0.27196234,0.0187225341796875,1227,light,True,False,False,True,1
train,ROIs1868_127_patch_30,0.094348595,0.15587969,0.090381876,0.57320094,0.068328857421875,4478,light,False,True,False,True,2
train,ROIs2017_115_patch_135,0.07031189,0.061818782,0.5422019,0.7142941,0.000274658203125,18,light,True,False,True,False,1
train,ROIs2017_115_patch_235,0.057003547,0.057102147,0.5924122,0.68414897,0.0,0,empty/not-detected,True,False,True,False,0
train,ROIs2017_115_patch_147,0.05720549,0.05726419,0.2031751,0.738255,0.0,0,empty/not-detected,True,False,True,False,0
train,ROIs1970_112_patch_117,0.1965579,0.12094328,0.03670618,0.6391652,0.772735595703125,50642,heavy,False,True,False,True,2
train,ROIs2017_69_patch_232,0.045358956,0.68111867,0.05451951,0.24923976,0.0039215087890625,257,light,False,True,False,False,0
train,ROIs2017_130_patch_56,0.08862892,0.0611634,0.063153505,0.10471921,0.0067291259765625,441,light,True,False,False,True,1
train,ROIs1868_127_patch_220,0.10140431,0.61883986,0.122741185,0.17481916,0.00128173828125,84,light,True,False,True,False,0
train,ROIs1970_83_patch_137,0.083933756,0.15042578,0.093099646,0.24535011,0.0123138427734375,807,light,True,False,True,False,0
train,ROIs2017_69_patch_194,0.03778714,0.63971084,0.043102164,0.43906778,0.0,0,empty/not-detected,True,False,True,False,0
train,ROIs1868_127_patch_26,0.099044755,0.25325784,0.10208783,0.557973,0.009613037109375,630,light,True,False,False,False,0
train,ROIs2017_69_patch_187,0.045933478,0.623085,0.051562846,0.45004785,0.0,0,empty/not-detected,True,False,False,False,0
train,ROIs1970_112_patch_20,0.47424385,0.1090873,0.02124682,0.6902276,0.8296661376953125,54373,heavy,True,False,False,True,2
train,ROIs2017_115_patch_8,0.08301674,0.065056525,0.57737046,0.7372262,0.0001220703125,8,light,True,False,True,False,1
train,ROIs2017_69_patch_267,0.041567825,0.7002363,0.055318948,0.41910005,0.0,0,empty/not-detected,True,False,True,False,0
train,ROIs1970_112_patch_159,0.18059747,0.48003277,0.410087,0.4206419,0.58697509765625,38468,heavy,False,True,False,False,0
train,ROIs1970_112_patch_193,0.39600357,0.22632658,0.098319374,0.5991088,1.0,65536,heavy,False,True,False,True,2
train,ROIs1868_127_patch_197,0.089452066,0.52230424,0.09734174,0.40394446,0.0021514892578125,141,light,True,False,True,False,0
train,ROIs2017_115_patch_76,0.06208989,0.049318723,0.42040727,0.6748328,0.0,0,empty/not-detected,True,False,True,False,1
train,ROIs2017_130_patch_174,0.10754225,0.06810979,0.05858024,0.15998493,0.088043212890625,5770,light,False,True,False,True,2
train,ROIs2017_130_patch_126,0.094216116,0.078762226,0.08253904,0.16314417,0.0004730224609375,31,light,True,False,True,False,1
train,ROIs1970_83_patch_232,0.083131835,0.13610552,0.09780611,0.3894562,0.000335693359375,22,light,False,True,False,False,0
train,ROIs2017_69_patch_266,0.05314511,0.7247355,0.07049429,0.35456723,0.004669189453125,306,light,False,True,False,False,0
train,ROIs1970_57_patch_193,0.060627826,0.07027776,0.09858923,0.0947472,0.001129150390625,74,light,True,False,False,False,0
train,ROIs2017_69_patch_244,0.038756527,0.5961193,0.046892855,0.353113,1.52587890625e-05,1,light,False,True,False,False,0
train,ROIs1970_83_patch_38,0.08176415,0.1465812,0.07988049,0.16357222,0.0836334228515625,5481,light,False,True,False,True,2
train,ROIs1970_112_patch_8,0.03790585,0.25335348,0.068331525,0.6092322,0.0065460205078125,429,light,False,True,False,False,0
train,ROIs2017_115_patch_171,0.052678403,0.051769912,0.5478301,0.6794203,0.00360107421875,236,light,True,False,False,True,1
train,ROIs2017_69_patch_264,0.03750373,0.6654371,0.04379007,0.19182792,0.000396728515625,26,light,True,False,False,False,0
train,ROIs2017_69_patch_7,0.034673173,0.6249383,0.038123384,0.47921357,0.0,0,empty/not-detected,True,False,True,False,0
train,ROIs1868_127_patch_73,0.08939316,0.47445163,0.09697147,0.3986289,0.015350341796875,1006,light,True,False,False,False,0
train,ROIs1970_112_patch_2,0.5704398,0.10040681,0.021396143,0.6124608,0.9987030029296875,65451,heavy,True,False,False,True,2
train,ROIs1970_83_patch_224,0.0809471,0.13623987,0.093569726,0.19511947,1.52587890625e-05,1,light,False,True,False,False,0
train,ROIs2017_115_patch_4,0.06554929,0.059949286,0.5577525,0.71663386,0.0,0,empty/not-detected,True,False,True,False,1
train,ROIs2017_115_patch_266,0.057100117,0.059454136,0.44511616,0.78851724,0.0,0,empty/not-detected,True,False,True,False,0
train,ROIs2017_69_patch_168,0.041596428,0.58930635,0.046963215,0.5811856,0.0,0,empty/not-detected,True,False,True,False,0
train,ROIs1970_83_patch_50,0.056920096,0.1371827,0.052312925,0.34251642,0.0018768310546875,123,light,True,False,False,True,2
train,ROIs1970_57_patch_28,0.08125897,0.10730748,0.09117762,0.11499158,0.0025177001953125,165,light,True,False,False,False,0
train,ROIs1970_112_patch_16,0.17113066,0.27756953,0.03567389,0.7217658,0.3362884521484375,22039,heavy,False,True,False,True,2
train,ROIs1868_127_patch_76,0.09553922,0.47998333,0.102849506,0.3693947,0.0084075927734375,551,light,True,False,False,False,0
train,ROIs1970_83_patch_161,0.08451154,0.16610576,0.09552334,0.21225351,0.0225372314453125,1477,light,False,True,False,False,0
train,ROIs2017_115_patch_157,0.06303131,0.05958253,0.08612636,0.7117007,0.000244140625,16,light,True,False,True,False,1
train,ROIs1868_127_patch_48,0.08312528,0.30221233,0.0833183,0.5396755,0.028350830078125,1858,light,False,True,False,False,0
train,ROIs1970_83_patch_144,0.088808455,0.1502172,0.08718911,0.20820497,0.03436279296875,2252,light,True,False,False,True,2
train,ROIs2017_130_patch_236,0.085320175,0.051353864,0.06276148,0.1249651,0.0381927490234375,2503,light,True,False,True,False,1
train,ROIs1970_112_patch_211,0.3981763,0.27868965,0.27619246,0.41760394,1.0,65536,heavy,False,True,False,True,2
train,ROIs2017_115_patch_107,0.079956524,0.06754527,0.095026255,0.7597416,6.103515625e-05,4,light,True,False,True,False,1
train,ROIs1868_127_patch_176,0.09880645,0.46538782,0.10361057,0.40343937,0.00018310546875,12,light,True,False,True,False,0
train,ROIs2017_115_patch_151,0.057200246,0.063497186,0.13325292,0.718923,0.0002288818359375,15,light,True,False,True,False,0
train,ROIs2017_130_patch_180,0.08888005,0.06901815,0.06840753,0.12678482,0.004180908203125,274,light,True,False,False,True,2
train,ROIs2017_69_patch_29,0.030264426,0.6146007,0.035220962,0.5261488,0.0,0,empty/not-detected,True,False,True,False,0
train,ROIs2017_115_patch_164,0.043423515,0.045276072,0.11349737,0.68704754,0.0,0,empty/not-detected,True,False,True,False,0
train,ROIs1868_127_patch_87,0.08980637,0.5579488,0.09015009,0.3847475,0.01025390625,672,light,True,False,True,False,0
train,ROIs1868_127_patch_47,0.116180986,0.11599898,0.11771321,0.5344167,0.3222503662109375,21119,heavy,False,True,False,True,1
train,ROIs1868_127_patch_194,0.100531034,0.27364278,0.10450809,0.4706553,0.037384033203125,2450,light,False,True,False,False,0
train,ROIs2017_130_patch_221,0.10816931,0.06690912,0.07218243,0.09788908,0.0899658203125,5896,light,False,True,False,True,1
train,ROIs2017_115_patch_236,0.05716953,0.05751156,0.4181074,0.69380426,0.0,0,empty/not-detected,True,False,True,False,0
train,ROIs2017_115_patch_45,0.082975686,0.06891024,0.19946034,0.7145344,0.0234375,1536,light,True,False,True,False,1
train,ROIs2017_69_patch_14,0.037743423,0.5657309,0.041836254,0.59839666,0.0,0,empty/not-detected,True,False,True,False,0
train,ROIs1970_83_patch_282,0.06431478,0.1346324,0.0655479,0.20215297,0.0005645751953125,37,light,False,True,False,False,0
train,ROIs1970_83_patch_200,0.09452382,0.09924497,0.09342339,0.22354765,0.000946044921875,62,light,True,False,True,False,2
train,ROIs2017_69_patch_30,0.030083138,0.6066012,0.035273947,0.59551585,6.103515625e-05,4,light,True,False,False,False,0
train,ROIs2017_130_patch_63,0.099155,0.09264915,0.08992821,0.17776251,0.000152587890625,10,light,True,False,True,False,2
train,ROIs2017_115_patch_139,0.066629484,0.06155602,0.087154,0.72614205,0.0003204345703125,21,light,True,False,False,True,1
train,ROIs2017_69_patch_77,0.0308803,0.5788455,0.032220766,0.43858248,0.0,0,empty/not-detected,True,False,True,False,0
train,ROIs1970_83_patch_243,0.08223496,0.21714368,0.095770106,0.18397023,0.0059356689453125,389,light,False,True,False,False,0
train,ROIs1970_57_patch_2,0.0746202,0.10027792,0.084910125,0.1115665,0.0023040771484375,151,light,True,False,False,False,0
train,ROIs1970_83_patch_203,0.08544858,0.08111786,0.10599417,0.24549794,0.0079498291015625,521,light,True,False,False,True,1
train,ROIs1868_127_patch_70,0.09855262,0.39827424,0.09524337,0.43863922,0.0409698486328125,2685,light,False,True,False,True,2
train,ROIs1970_83_patch_134,0.075398795,0.12156942,0.09323783,0.35401443,0.0007171630859375,47,light,True,False,True,False,0
train,ROIs2017_69_patch_13,0.029104328,0.5929324,0.034442365,0.597583,0.0,0,empty/not-detected,True,False,True,False,0
train,ROIs1970_112_patch_206,0.21595469,0.08369248,0.3783763,0.7374899,0.6877899169921875,45075,heavy,True,False,False,True,1
train,ROIs1970_83_patch_91,0.08874417,0.13183834,0.09124495,0.28423718,0.00323486328125,212,light,True,False,False,False,0
train,ROIs2017_115_patch_54,0.06084176,0.06461258,0.07529009,0.7261742,0.0,0,empty/not-detected,True,False,True,False,0
train,ROIs2017_69_patch_98,0.030723965,0.58595294,0.03425611,0.5510431,4.57763671875e-05,3,light,True,False,True,False,0
train,ROIs1970_83_patch_59,0.11851769,0.13144916,0.1120538,0.1250453,0.2419586181640625,15857,medium,False,True,False,True,2
train,ROIs1970_83_patch_58,0.091092736,0.14003852,0.09848723,0.15482418,0.0420074462890625,2753,light,False,True,False,False,0
train,ROIs2017_115_patch_203,0.068576664,0.06664948,0.15753037,0.6944471,0.0016632080078125,109,light,True,False,False,True,1
train,ROIs2017_130_patch_67,0.09327734,0.08403282,0.09381344,0.122868925,0.000946044921875,62,light,False,True,False,True,1
train,ROIs2017_69_patch_88,0.03575715,0.54047716,0.04326105,0.6254015,0.00042724609375,28,light,True,False,True,False,0
train,ROIs2017_115_patch_189,0.060507834,0.064638086,0.52488077,0.69447434,0.0,0,empty/not-detected,True,False,True,False,0
train,ROIs1970_112_patch_11,0.16722868,0.24940957,0.029149981,0.6751007,0.3842620849609375,25183,heavy,False,True,False,True,2
train,ROIs2017_115_patch_94,0.046711925,0.052048896,0.08519068,0.7070094,0.0,0,empty/not-detected,True,False,True,False,0
train,ROIs1868_127_patch_110,0.11508468,0.24172108,0.118578024,0.29937732,0.1667938232421875,10931,medium,False,True,False,False,0
train,ROIs2017_69_patch_50,0.031578884,0.56541616,0.03833325,0.62573373,0.0,0,empty/not-detected,True,False,True,False,0
train,ROIs2017_69_patch_233,0.038401738,0.698922,0.046549343,0.38450235,0.0,0,empty/not-detected,True,False,True,False,0
train,ROIs1970_57_patch_237,0.07061063,0.08685369,0.09374253,0.11974663,0.0013275146484375,87,light,True,False,False,False,0
train,ROIs2017_130_patch_157,0.10937512,0.077917024,0.07869382,0.13309437,0.0631866455078125,4141,light,True,False,False,True,1
train,ROIs1970_112_patch_83,0.13008544,0.102056034,0.05562843,0.67057025,0.2794036865234375,18311,medium,False,True,False,True,2
train,ROIs1970_83_patch_3,0.08531389,0.322286,0.08261291,0.21393652,0.0040283203125,264,light,True,False,False,True,2
train,ROIs2017_69_patch_138,0.03605283,0.6000302,0.038638223,0.28632408,9.1552734375e-05,6,light,True,False,False,False,0
train,ROIs1970_112_patch_139,0.16133252,0.2659064,0.046252076,0.6933521,0.2524566650390625,16545,medium,False,True,False,True,2
train,ROIs1970_57_patch_228,0.059206154,0.067576565,0.10914239,0.097679876,0.0,0,empty/not-detected,True,False,True,False,0
train,ROIs2017_115_patch_193,0.055972088,0.057462797,0.47108895,0.6994582,0.0,0,empty/not-detected,True,False,True,False,0
train,ROIs2017_130_patch_125,0.114987925,0.10986418,0.097890064,0.123243734,0.0665130615234375,4359,light,True,False,False,True,2
train,ROIs1868_127_patch_221,0.095914945,0.60683566,0.11335237,0.26672876,0.0023040771484375,151,light,True,False,True,False,0
train,ROIs2017_115_patch_74,0.07309916,0.073747285,0.08816249,0.7069275,0.00543212890625,356,light,True,False,True,False,0
train,ROIs2017_130_patch_134,0.10400708,0.058505464,0.056396835,0.11529764,0.1149139404296875,7531,medium,False,True,False,True,2
train,ROIs1868_127_patch_71,0.094572544,0.37835675,0.09282446,0.48911524,0.080963134765625,5306,light,False,True,False,True,2
train,ROIs2017_69_patch_2,0.050150424,0.6152859,0.053619526,0.55980945,0.0,0,empty/not-detected,True,False,True,False,0
train,ROIs1970_57_patch_180,0.04815287,0.058787342,0.08723294,0.08487108,0.0,0,empty/not-detected,True,False,False,False,0
train,ROIs2017_69_patch_215,0.04297468,0.7050554,0.050458323,0.42148307,0.0002899169921875,19,light,False,True,False,False,0
train,ROIs2017_115_patch_118,0.07807194,0.06469805,0.08588235,0.6962827,0.0,0,empty/not-detected,True,False,True,False,1
train,ROIs2017_69_patch_120,0.03274188,0.5825313,0.036399163,0.21762271,0.0,0,empty/not-detected,True,False,True,False,0
train,ROIs2017_69_patch_280,0.03782828,0.64646983,0.04539113,0.23687999,0.0,0,empty/not-detected,True,False,True,False,0
train,ROIs1970_57_patch_176,0.05491396,0.06534599,0.094940074,0.09243019,9.1552734375e-05,6,light,True,False,False,False,0
train,ROIs2017_69_patch_265,0.039401397,0.6547238,0.04600671,0.22246696,0.000244140625,16,light,False,True,False,False,0
train,ROIs2017_69_patch_200,0.04350656,0.6483184,0.0511231,0.28470224,0.0,0,empty/not-detected,True,False,True,False,0
train,ROIs1970_57_patch_132,0.06556411,0.08180522,0.0929327,0.10980313,7.62939453125e-05,5,light,True,False,False,False,0
train,ROIs1970_112_patch_49,0.37606516,0.15827657,0.04231076,0.6422936,0.897674560546875,58830,heavy,False,True,False,True,2
train,ROIs2017_130_patch_171,0.09483399,0.06852366,0.06888847,0.1129567,0.00054931640625,36,light,True,False,True,False,1
train,ROIs1868_127_patch_226,0.09617542,0.47528303,0.106007256,0.39104515,0.0140380859375,920,light,False,True,False,False,0
train,ROIs2017_130_patch_107,0.11392996,0.1072687,0.09556559,0.11277385,0.0280914306640625,1841,light,False,True,False,True,2
train,ROIs2017_130_patch_237,0.08152248,0.05067323,0.06544168,0.101231545,0.0513916015625,3368,light,True,False,False,True,1
train,ROIs1970_83_patch_174,0.08095369,0.11160819,0.0951767,0.45867935,0.0047454833984375,311,light,True,False,False,False,0
train,ROIs1970_112_patch_222,0.6237644,0.049496695,0.05650224,0.68288034,1.0,65536,heavy,True,False,False,True,1
train,ROIs1970_112_patch_158,0.16511127,0.31421697,0.0780787,0.57528925,0.565643310546875,37070,heavy,False,True,False,True,2
train,ROIs1970_83_patch_100,0.099325046,0.16107556,0.09742468,0.26739103,0.05499267578125,3604,light,True,False,False,True,2
train,ROIs1970_83_patch_19,0.079557255,0.22504285,0.07795768,0.1762792,0.0116729736328125,765,light,True,False,False,True,2
train,ROIs2017_115_patch_53,0.060503773,0.061021943,0.13398562,0.71846026,0.0,0,empty/not-detected,True,False,True,False,0
train,ROIs1868_127_patch_62,0.10107937,0.1611709,0.10991405,0.52783483,0.0533599853515625,3497,light,True,False,True,False,0
train,ROIs1970_57_patch_116,0.06264839,0.0803355,0.089720435,0.10990581,0.0,0,empty/not-detected,True,False,False,False,0
train,ROIs2017_69_patch_87,0.032367755,0.5301343,0.037597205,0.5913872,0.000213623046875,14,light,False,True,False,False,0
train,ROIs2017_130_patch_256,0.08032182,0.05387744,0.07400586,0.10044135,0.0010528564453125,69,light,True,False,False,True,1
train,ROIs2017_115_patch_62,0.06852223,0.062831745,0.095814705,0.7036992,0.0,0,empty/not-detected,True,False,True,False,1
train,ROIs2017_115_patch_7,0.06607258,0.05844473,0.41670305,0.72465444,0.0,0,empty/not-detected,True,False,True,False,1
train,ROIs1970_112_patch_254,0.62150836,0.053136945,0.03295237,0.6723053,1.0,65536,heavy,True,False,False,True,2
train,ROIs2017_130_patch_225,0.107962325,0.08556737,0.080642596,0.111482464,0.02130126953125,1396,light,True,False,False,True,2
train,ROIs1970_83_patch_235,0.08109398,0.1224627,0.0960004,0.31000754,0.0005340576171875,35,light,True,False,True,False,0
train,ROIs1970_57_patch_110,0.058550928,0.07033962,0.08486063,0.09379644,0.0008697509765625,57,light,True,False,False,False,0
train,ROIs2017_130_patch_86,0.105751075,0.10530529,0.10546768,0.1075906,0.0211334228515625,1385,light,False,True,False,True,1
train,ROIs2017_69_patch_278,0.041855197,0.6585399,0.045564897,0.2044254,0.0001220703125,8,light,False,True,False,False,0
train,ROIs2017_115_patch_179,0.05622589,0.056932043,0.08500254,0.7225187,0.0009307861328125,61,light,False,True,False,False,0
train,ROIs2017_69_patch_282,0.03721914,0.70115435,0.045901306,0.12469057,0.000152587890625,10,light,False,True,False,False,0
train,ROIs1970_57_patch_4,0.06636044,0.08909859,0.078753635,0.10842775,0.0,0,empty/not-detected,True,False,True,False,0
train,ROIs1970_112_patch_107,0.37255383,0.23046121,0.3836685,0.55772215,0.877410888671875,57502,heavy,False,True,False,True,1
train,ROIs1970_83_patch_67,0.08488104,0.16322136,0.083100535,0.3304668,0.03643798828125,2388,light,True,False,False,True,2
train,ROIs2017_115_patch_122,0.106119335,0.06512879,0.089589864,0.68258363,0.0662384033203125,4341,light,True,False,True,False,1
train,ROIs2017_115_patch_97,0.064558774,0.06470036,0.37492016,0.6699811,0.0,0,empty/not-detected,True,False,True,False,0
train,ROIs2017_115_patch_194,0.060435973,0.060639057,0.27038008,0.69322926,0.0,0,empty/not-detected,True,False,True,False,0
train,ROIs2017_115_patch_43,0.07041748,0.06585811,0.10363276,0.71297795,0.0,0,empty/not-detected,True,False,True,False,1
train,ROIs1970_57_patch_77,0.0613654,0.0787144,0.08138127,0.104536735,0.0,0,empty/not-detected,True,False,False,False,0
train,ROIs1970_57_patch_65,0.07589632,0.09452409,0.08812353,0.107937545,0.0,0,empty/not-detected,True,False,False,False,0
train,ROIs2017_115_patch_26,0.06612918,0.058380626,0.16316196,0.7234573,0.0002593994140625,17,light,True,False,True,False,1
train,ROIs2017_69_patch_220,0.039796866,0.6033789,0.04630646,0.11492252,0.0,0,empty/not-detected,True,False,True,False,0
train,ROIs1970_112_patch_152,0.21401224,0.08937918,0.103017166,0.6872256,0.4926300048828125,32285,heavy,False,True,False,True,1
train,ROIs2017_69_patch_134,0.041674443,0.6271064,0.05066416,0.21873133,0.0,0,empty/not-detected,True,False,True,False,0
train,ROIs1970_112_patch_92,0.15003006,0.12962061,0.023773022,0.60841906,0.431488037109375,28278,heavy,True,False,False,True,2
train,ROIs2017_69_patch_86,0.03394596,0.56152534,0.038879767,0.5875917,0.000396728515625,26,light,True,False,False,False,0
train,ROIs2017_115_patch_249,0.07151067,0.06968712,0.6216676,0.7113983,4.57763671875e-05,3,light,True,False,True,False,1
train,ROIs2017_115_patch_126,0.08540137,0.06612872,0.1080863,0.7716342,0.0011444091796875,75,light,True,False,False,True,1
train,ROIs2017_130_patch_141,0.0983744,0.062107466,0.06299043,0.11055723,0.026031494140625,1706,light,False,True,False,True,1
train,ROIs1868_127_patch_135,0.09146869,0.47724771,0.09610045,0.4454674,0.0146636962890625,961,light,True,False,False,False,0
train,ROIs2017_115_patch_240,0.075738885,0.07305557,0.07806756,0.6551265,0.02978515625,1952,light,False,True,False,True,1
train,ROIs1868_127_patch_217,0.09956226,0.60875946,0.11108837,0.1268457,0.0709991455078125,4653,light,True,False,True,False,0
train,ROIs1868_127_patch_120,0.084524736,0.56280404,0.090918705,0.47055906,0.0005340576171875,35,light,True,False,True,False,0
train,ROIs2017_115_patch_40,0.06745485,0.061299007,0.15401526,0.7221495,0.0,0,empty/not-detected,True,False,True,False,1
train,ROIs2017_69_patch_201,0.043272644,0.64774215,0.05039251,0.17849809,0.0,0,empty/not-detected,True,False,True,False,0
train,ROIs1970_57_patch_170,0.06571815,0.078162976,0.0891603,0.09745241,0.0,0,empty/not-detected,True,False,False,False,0
train,ROIs1970_57_patch_177,0.0536433,0.06382884,0.09421977,0.08981917,0.0001678466796875,11,light,True,False,False,False,0
train,ROIs2017_69_patch_164,0.03999481,0.55813193,0.04390946,0.48068258,1.52587890625e-05,1,light,True,False,False,False,0
train,ROIs2017_130_patch_192,0.11636293,0.097032435,0.084602155,0.10617707,0.087310791015625,5722,light,True,False,False,True,2
train,ROIs1970_57_patch_182,0.05406847,0.067460515,0.08785316,0.0958149,0.0005340576171875,35,light,True,False,False,False,0
train,ROIs2017_69_patch_59,0.03224813,0.6049703,0.035724707,0.25137475,0.0,0,empty/not-detected,True,False,False,False,0
train,ROIs1970_112_patch_135,0.29932192,0.10905108,0.033547573,0.5854952,0.92510986328125,60628,heavy,False,True,False,True,2
train,ROIs1970_112_patch_105,0.16519187,0.37003183,0.052608415,0.6340385,0.2727203369140625,17873,medium,False,True,False,True,2
train,ROIs1970_83_patch_239,0.080573484,0.16629168,0.09049309,0.25357637,0.0,0,empty/not-detected,True,False,True,False,0
train,ROIs1868_127_patch_260,0.10572769,0.54351425,0.11833989,0.26646203,0.032012939453125,2098,light,False,True,False,False,0
train,ROIs2017_130_patch_131,0.09751862,0.07064238,0.07213591,0.10847761,0.0229644775390625,1505,light,False,True,False,True,1
train,ROIs1970_112_patch_141,0.20009977,0.35016698,0.2895118,0.52978075,0.3906402587890625,25601,heavy,False,True,False,False,0
train,ROIs2017_69_patch_37,0.03609825,0.5056556,0.04177496,0.60317725,0.0,0,empty/not-detected,True,False,True,False,0
train,ROIs1868_127_patch_28,0.09053797,0.15652594,0.092146195,0.56525826,0.0445709228515625,2921,light,False,True,False,False,0
train,ROIs1970_57_patch_97,0.06774185,0.085901834,0.08928859,0.108829275,0.0002899169921875,19,light,True,False,True,False,0
train,ROIs1970_112_patch_103,0.17660928,0.10687278,0.042100154,0.65827614,0.4081268310546875,26747,heavy,False,True,False,True,2
train,ROIs2017_69_patch_173,0.037055068,0.6246904,0.041467544,0.6281956,0.0,0,empty/not-detected,True,False,True,False,0
train,ROIs1868_127_patch_134,0.09066426,0.5118669,0.096731,0.40284747,0.005096435546875,334,light,False,True,False,False,0
train,ROIs1970_83_patch_217,0.079824075,0.08937043,0.09596751,0.29779714,0.0,0,empty/not-detected,True,False,True,False,0
train,ROIs1970_112_patch_266,0.6840247,0.09489259,0.55991095,0.0985952,1.0,65536,heavy,False,True,False,True,1
train,ROIs2017_69_patch_117,0.029782703,0.6178561,0.035377007,0.38134244,0.0,0,empty/not-detected,True,False,True,False,0
train,ROIs1970_83_patch_188,0.09808924,0.11098143,0.104405805,0.16330907,0.045745849609375,2998,light,False,True,False,False,0
train,ROIs2017_115_patch_55,0.06465212,0.06592749,0.07778234,0.71890175,0.0,0,empty/not-detected,True,False,True,False,0
train,ROIs2017_130_patch_211,0.116057076,0.10521215,0.09334921,0.11450066,0.0754547119140625,4945,light,True,False,False,True,2
train,ROIs1970_112_patch_213,0.3884704,0.08623927,0.39653516,0.64407814,0.9991455078125,65480,heavy,True,False,False,True,1
train,ROIs1868_127_patch_13,0.0953501,0.13951698,0.10272992,0.53240496,0.06903076171875,4524,light,False,True,False,False,0
train,ROIs1970_112_patch_134,0.4821145,0.13685264,0.028314017,0.61618054,0.9999847412109375,65535,heavy,False,True,False,True,2
train,ROIs1970_83_patch_46,0.07797276,0.1471832,0.07684919,0.34914616,0.057861328125,3792,light,False,True,False,True,2
train,ROIs2017_115_patch_92,0.06924277,0.067993686,0.0837176,0.68863034,0.0001220703125,8,light,True,False,True,False,1
train,ROIs1970_83_patch_246,0.0697241,0.160482,0.07825903,0.17830655,0.0045166015625,296,light,False,True,False,False,0
train,ROIs2017_69_patch_208,0.0426497,0.5810837,0.048845787,0.56197304,0.0001678466796875,11,light,True,False,False,False,0
train,ROIs1868_127_patch_161,0.0835326,0.45503008,0.09175128,0.4588534,0.025787353515625,1690,light,True,False,False,False,0
train,ROIs1970_83_patch_52,0.06500447,0.12651455,0.06992989,0.31133345,0.0001068115234375,7,light,True,False,False,False,0
train,ROIs2017_130_patch_4,0.10230213,0.09514166,0.09594112,0.12572382,0.010711669921875,702,light,True,False,False,True,1
train,ROIs2017_69_patch_275,0.041335676,0.66786903,0.04684597,0.35669145,0.0,0,empty/not-detected,True,False,True,False,0
train,ROIs2017_69_patch_147,0.038033865,0.5015646,0.042751055,0.60711586,3.0517578125e-05,2,light,False,True,False,False,0
train,ROIs2017_69_patch_36,0.034686398,0.5191255,0.04079901,0.61401737,1.52587890625e-05,1,light,False,True,False,False,0
train,ROIs2017_130_patch_11,0.10803577,0.08410524,0.07944459,0.12936574,0.059478759765625,3898,light,True,False,False,True,2
train,ROIs2017_69_patch_221,0.040040836,0.5828225,0.04549434,0.10507472,0.0,0,empty/not-detected,True,False,True,False,0
train,ROIs1970_112_patch_228,0.61414593,0.2819807,0.054518744,0.48428088,1.0,65536,heavy,False,True,False,True,2
train,ROIs1970_83_patch_11,0.057941906,0.13105024,0.05758585,0.3135897,0.0004425048828125,29,light,True,False,True,False,2
train,ROIs1970_57_patch_95,0.060698032,0.077797815,0.084786326,0.10222361,0.0,0,empty/not-detected,True,False,False,False,0
train,ROIs2017_115_patch_132,0.06973754,0.062295787,0.11809108,0.7112074,1.52587890625e-05,1,light,True,False,True,False,1
train,ROIs1970_112_patch_168,0.614764,0.09258118,0.07305957,0.75841516,1.0,65536,heavy,False,True,False,True,2
train,ROIs1970_83_patch_40,0.09291255,0.15074614,0.09782804,0.15305176,0.0515899658203125,3381,light,False,True,False,False,0
train,ROIs2017_69_patch_214,0.038255528,0.68693346,0.044625603,0.36394396,0.0,0,empty/not-detected,True,False,True,False,0
train,ROIs2017_115_patch_29,0.088565566,0.062836975,0.14732891,0.7299976,0.01483154296875,972,light,True,False,True,False,1
train,ROIs2017_115_patch_269,0.06340212,0.0649646,0.610145,0.7436627,0.0,0,empty/not-detected,True,False,True,False,0
train,ROIs1970_83_patch_248,0.09031102,0.40683925,0.107337855,0.33766776,0.0,0,empty/not-detected,True,False,True,False,0
train,ROIs1868_127_patch_2,0.087137654,0.6625466,0.094219744,0.53020835,0.0,0,empty/not-detected,True,False,True,False,0
train,ROIs1970_112_patch_196,0.37472114,0.090141416,0.49684843,0.40340507,0.97845458984375,64124,heavy,True,False,False,True,1
train,ROIs1970_57_patch_70,0.07094213,0.087427735,0.086845085,0.100029714,0.000213623046875,14,light,True,False,False,False,0
train,ROIs2017_115_patch_85,0.09272305,0.080521464,0.09078577,0.74279904,0.01300048828125,852,light,True,False,True,False,1
train,ROIs1970_83_patch_90,0.09026091,0.12489553,0.089276865,0.29441333,0.0150909423828125,989,light,True,False,True,False,2
train,ROIs1970_83_patch_156,0.0819948,0.13907345,0.09273869,0.36746275,6.103515625e-05,4,light,False,True,False,False,0
train,ROIs1970_112_patch_74,0.4578556,0.09761335,0.02229943,0.6411246,0.939056396484375,61542,heavy,True,False,False,True,2
train,ROIs1970_112_patch_30,0.054675378,0.27958012,0.04756761,0.5945703,0.0394287109375,2584,light,False,True,False,True,2
train,ROIs2017_69_patch_172,0.03684642,0.6316135,0.05011657,0.29787582,0.0,0,empty/not-detected,True,False,True,False,0
train,ROIs2017_69_patch_273,0.037042722,0.66495115,0.044988036,0.31063145,0.0,0,empty/not-detected,True,False,True,False,0
train,ROIs1970_112_patch_17,0.38342878,0.28994712,0.035610694,0.7326398,0.9149169921875,59960,heavy,True,False,False,True,2
train,ROIs2017_69_patch_242,0.03905463,0.6374907,0.04671451,0.12381324,0.0,0,empty/not-detected,True,False,True,False,0
train,ROIs1970_57_patch_165,0.05659566,0.071738385,0.08748349,0.09900189,0.0001068115234375,7,light,True,False,False,False,0
train,ROIs2017_69_patch_237,0.045130953,0.65844476,0.051325336,0.11786774,7.62939453125e-05,5,light,True,False,False,False,0
train,ROIs2017_130_patch_216,0.0979491,0.061308563,0.061489996,0.084211,0.055694580078125,3650,light,True,False,False,True,1
train,ROIs1970_83_patch_190,0.09898004,0.07392338,0.10667963,0.42541352,0.0777740478515625,5097,light,True,False,False,True,1
train,ROIs1970_112_patch_58,0.1027108,0.1619822,0.02346564,0.66737735,0.167205810546875,10958,medium,True,False,False,True,2
train,ROIs1970_57_patch_168,0.07609476,0.09205505,0.09457538,0.12146039,0.00750732421875,492,light,True,False,False,False,0
train,ROIs1970_57_patch_190,0.060404427,0.072027974,0.101503655,0.09474777,0.0011749267578125,77,light,True,False,False,False,0
train,ROIs1970_112_patch_80,0.04239031,0.16326916,0.13431928,0.65030026,0.0424957275390625,2785,light,False,True,False,False,0
train,ROIs1970_112_patch_37,0.28693682,0.10527645,0.021461269,0.7070805,0.731109619140625,47914,heavy,True,False,False,True,2
train,ROIs1868_127_patch_146,0.111417584,0.17862913,0.13101487,0.19922054,0.08685302734375,5692,light,False,True,False,False,0
train,ROIs1970_83_patch_45,0.07595951,0.12962125,0.07642888,0.3560236,0.0767364501953125,5029,light,False,True,False,False,0
train,ROIs2017_115_patch_100,0.067245536,0.0626565,0.085898496,0.72718614,0.0,0,empty/not-detected,True,False,True,False,1
train,ROIs1970_112_patch_224,0.50645626,0.0658728,0.037113506,0.71385515,0.962432861328125,63074,heavy,False,True,False,True,2
train,ROIs1868_127_patch_16,0.09067181,0.17028624,0.09288793,0.5119837,0.032257080078125,2114,light,True,False,True,False,0
train,ROIs1970_57_patch_15,0.06303798,0.096161395,0.07788286,0.118859366,9.1552734375e-05,6,light,True,False,True,False,0
train,ROIs2017_130_patch_3,0.09304854,0.05716634,0.055233683,0.10514007,0.0442352294921875,2899,light,False,True,False,True,2
train,ROIs2017_69_patch_145,0.039975304,0.5185355,0.044077978,0.6209673,0.0001068115234375,7,light,True,False,False,False,0
train,ROIs1970_57_patch_239,0.055129156,0.06742085,0.09367,0.094989136,0.0,0,empty/not-detected,True,False,False,False,0
train,ROIs2017_69_patch_136,0.031570718,0.6374039,0.03638462,0.2690203,0.0,0,empty/not-detected,True,False,True,False,0
train,ROIs2017_115_patch_123,0.0864822,0.061845813,0.09353696,0.7082973,0.0141448974609375,927,light,True,False,True,False,1
train,ROIs2017_69_patch_119,0.03182113,0.60470223,0.036088794,0.38510373,0.0,0,empty/not-detected,True,False,True,False,0
train,ROIs1970_57_patch_204,0.07460125,0.08524895,0.10309689,0.09696809,0.0,0,empty/not-detected,True,False,False,False,0
train,ROIs1970_83_patch_68,0.077627875,0.14942914,0.08019148,0.34147996,0.004852294921875,318,light,False,True,False,False,0
train,ROIs2017_69_patch_49,0.031556003,0.58269024,0.038337056,0.58600533,0.0,0,empty/not-detected,True,False,True,False,0
train,ROIs1970_57_patch_99,0.068353206,0.08712357,0.088937014,0.11396229,0.0,0,empty/not-detected,True,False,False,False,0
train,ROIs2017_69_patch_284,0.03886876,0.6579024,0.045589082,0.24669312,0.000640869140625,42,light,False,True,False,False,0
train,ROIs1970_57_patch_198,0.048403356,0.0601495,0.08042684,0.08892739,0.0,0,empty/not-detected,True,False,False,False,0
train,ROIs1970_83_patch_143,0.089513704,0.17679776,0.090691924,0.21233144,0.014373779296875,942,light,True,False,False,False,0
train,ROIs1970_83_patch_258,0.07937886,0.15999107,0.08987072,0.28132206,7.62939453125e-05,5,light,True,False,True,False,0
train,ROIs1970_57_patch_78,0.061893273,0.07930559,0.0808561,0.107558504,0.0,0,empty/not-detected,True,False,False,False,0
train,ROIs1868_127_patch_91,0.09732577,0.39404505,0.10317817,0.34398767,0.0129241943359375,847,light,False,True,False,False,0
train,ROIs2017_69_patch_251,0.045167625,0.6867132,0.055851363,0.20206176,0.001312255859375,86,light,False,True,False,False,0
train,ROIs1970_83_patch_233,0.07951221,0.12962522,0.09807339,0.37075573,0.000640869140625,42,light,True,False,True,False,0
train,ROIs1970_112_patch_202,0.5886857,0.080834724,0.05554343,0.7385643,1.0,65536,heavy,False,True,False,True,2
train,ROIs1970_83_patch_255,0.09421603,0.13182554,0.10944262,0.2999422,0.0015716552734375,103,light,False,True,False,False,0
train,ROIs1868_127_patch_138,0.09828434,0.6669671,0.106126875,0.40914145,0.0001678466796875,11,light,True,False,True,False,0
train,ROIs1868_127_patch_131,0.09365467,0.13892762,0.10951474,0.4492867,0.0338592529296875,2219,light,False,True,False,False,0
train,ROIs1868_127_patch_89,0.073319905,0.5141433,0.07348831,0.40194353,0.000701904296875,46,light,True,False,True,False,0
train,ROIs1970_112_patch_146,0.5097925,0.15283228,0.026965676,0.67881155,0.999847412109375,65526,heavy,True,False,False,True,2
train,ROIs1970_83_patch_196,0.080684796,0.1136561,0.095116116,0.28485626,0.0057525634765625,377,light,False,True,False,False,0
train,ROIs2017_115_patch_174,0.07209724,0.06868186,0.5928885,0.7076745,0.0,0,empty/not-detected,True,False,True,False,1
train,ROIs1970_112_patch_197,0.12697718,0.099852994,0.5714862,0.5034148,0.2699127197265625,17689,medium,True,False,False,True,1
train,ROIs1868_127_patch_227,0.102287926,0.5767263,0.11219886,0.35199517,0.0008544921875,56,light,True,False,True,False,0
train,ROIs2017_69_patch_130,0.034822788,0.4962367,0.04243084,0.6157155,0.0,0,empty/not-detected,True,False,False,False,0
train,ROIs2017_130_patch_269,0.14688514,0.15561044,0.12588584,0.12942445,0.3787078857421875,24819,heavy,True,False,False,True,2
train,ROIs2017_69_patch_154,0.034879036,0.6350947,0.041632906,0.30306944,0.000457763671875,30,light,False,True,False,False,0
train,ROIs2017_130_patch_257,0.08795945,0.056507584,0.06876481,0.11986108,0.034210205078125,2242,light,False,True,False,True,1
train,ROIs2017_115_patch_125,0.07896471,0.06287484,0.10615795,0.7747771,0.0002288818359375,15,light,True,False,False,True,1
train,ROIs2017_69_patch_239,0.04019163,0.6479119,0.046122104,0.10499207,0.0,0,empty/not-detected,True,False,True,False,0
train,ROIs1970_83_patch_44,0.10292655,0.11699516,0.09256862,0.30496168,0.1841888427734375,12071,medium,False,True,False,True,2
train,ROIs2017_115_patch_71,0.054115232,0.053757943,0.06317613,0.70061964,4.57763671875e-05,3,light,True,False,True,False,1
train,ROIs1970_57_patch_114,0.06849669,0.0853055,0.090116255,0.109187834,0.005218505859375,342,light,True,False,False,False,0
train,ROIs2017_115_patch_102,0.07361381,0.06206335,0.08193448,0.74725324,0.000335693359375,22,light,True,False,True,False,1
train,ROIs1970_83_patch_20,0.08069337,0.21308176,0.07895796,0.18977074,0.0103302001953125,677,light,True,False,False,True,2
train,ROIs1970_112_patch_200,0.5505117,0.10014606,0.044576403,0.71727985,0.9999542236328125,65533,heavy,False,True,False,True,2
train,ROIs1970_57_patch_130,0.063813634,0.07979719,0.08869564,0.10180724,0.00091552734375,60,light,True,False,False,False,0
train,ROIs1868_127_patch_150,0.09973846,0.1749288,0.1154533,0.43774047,0.030029296875,1968,light,False,True,False,False,0
train,ROIs1970_57_patch_178,0.053730153,0.064580135,0.0945491,0.08353301,0.0,0,empty/not-detected,True,False,False,False,0
train,ROIs1970_112_patch_82,0.22610255,0.072381325,0.06392437,0.62336856,0.4328765869140625,28369,heavy,True,False,False,True,2
train,ROIs2017_130_patch_214,0.11608297,0.10159765,0.108372614,0.16109298,0.07415771484375,4860,light,True,False,False,True,1
train,ROIs1970_83_patch_84,0.11373716,0.13443242,0.10004695,0.2738918,0.1089324951171875,7139,medium,False,True,False,True,2
train,ROIs1970_112_patch_173,0.16255368,0.09136375,0.037340716,0.68510634,0.5622406005859375,36847,heavy,False,True,False,True,2
train,ROIs2017_69_patch_55,0.03392964,0.55255544,0.03962197,0.57226527,0.0,0,empty/not-detected,True,False,True,False,0
train,ROIs1868_127_patch_32,0.08768314,0.2943809,0.08432369,0.5724557,0.0084381103515625,553,light,False,True,False,True,2
train,ROIs1970_112_patch_165,0.49049962,0.109538116,0.05270651,0.6716062,0.9970550537109375,65343,heavy,True,False,False,True,2
train,ROIs2017_130_patch_18,0.10075307,0.04450207,0.038837627,0.108640105,0.1014556884765625,6649,medium,True,False,True,False,2
train,ROIs1970_112_patch_231,0.2777813,0.07085737,0.42624074,0.67621243,0.9075469970703125,59477,heavy,False,True,False,True,1
train,ROIs1970_83_patch_87,0.07990285,0.18172683,0.07885304,0.28922522,0.0103302001953125,677,light,False,True,False,True,2
train,ROIs2017_115_patch_5,0.06874265,0.055539817,0.5672465,0.7134774,0.0,0,empty/not-detected,True,False,True,False,1
train,ROIs2017_115_patch_96,0.07039227,0.06121251,0.56219023,0.6560478,3.0517578125e-05,2,light,True,False,True,False,1
train,ROIs2017_130_patch_17,0.10732722,0.08981073,0.080751576,0.1658152,0.075408935546875,4942,light,False,True,False,True,2
train,ROIs2017_115_patch_91,0.07566537,0.07218011,0.08482242,0.7167267,0.0028839111328125,189,light,True,False,True,False,1
train,ROIs1970_57_patch_146,0.049254112,0.06308163,0.08031707,0.08711646,0.001373291015625,90,light,True,False,False,False,0
train,ROIs2017_115_patch_60,0.07099238,0.06402526,0.10645662,0.68794763,0.0,0,empty/not-detected,True,False,True,False,1
train,ROIs2017_115_patch_25,0.0606145,0.061248638,0.19155446,0.7246561,0.0,0,empty/not-detected,True,False,True,False,0
train,ROIs1970_83_patch_5,0.07056861,0.13816524,0.07147522,0.26853192,0.003021240234375,198,light,True,False,False,False,0
train,ROIs2017_130_patch_151,0.099828996,0.06829872,0.067360304,0.11318826,0.072296142578125,4738,light,False,True,False,True,2
train,ROIs2017_130_patch_120,0.09215544,0.07460693,0.07875967,0.18798666,0.0005035400390625,33,light,True,False,True,False,1
train,ROIs1970_112_patch_246,0.644988,0.33263326,0.090733185,0.28608847,1.0,65536,heavy,False,True,False,True,2
train,ROIs2017_130_patch_110,0.099874325,0.074734494,0.07934778,0.12397006,0.0377197265625,2472,light,True,False,False,True,1
train,ROIs2017_130_patch_69,0.11280698,0.095947385,0.086326815,0.103622906,0.0889434814453125,5829,light,False,True,False,True,2
train,ROIs2017_69_patch_276,0.044647932,0.6819927,0.052915834,0.33283526,0.0,0,empty/not-detected,True,False,True,False,0
train,ROIs1970_83_patch_94,0.082461245,0.15675591,0.085393324,0.2823949,0.001434326171875,94,light,True,False,True,False,0
train,ROIs1868_127_patch_239,0.098251924,0.6346771,0.119444475,0.19128403,0.0097503662109375,639,light,True,False,True,False,0
train,ROIs1970_57_patch_112,0.056891892,0.07427344,0.08531216,0.103451125,0.001129150390625,74,light,True,False,False,False,0
train,ROIs2017_130_patch_170,0.103840314,0.072728224,0.076392,0.12538162,0.03887939453125,2548,light,False,True,False,True,1
train,ROIs2017_69_patch_4,0.042404056,0.6267226,0.044705793,0.57104266,0.0,0,empty/not-detected,True,False,True,False,0
train,ROIs1970_112_patch_65,0.20154783,0.16738445,0.043572463,0.6272551,0.3296356201171875,21603,heavy,False,True,False,True,2
train,ROIs2017_115_patch_245,0.07856747,0.08104325,0.1752116,0.67983043,0.0,0,empty/not-detected,True,False,True,False,0
train,ROIs2017_69_patch_149,0.03941168,0.5210198,0.04540967,0.6123226,0.0,0,empty/not-detected,True,False,False,False,0
train,ROIs1970_57_patch_225,0.060049474,0.070940495,0.10505975,0.089748666,0.0,0,empty/not-detected,True,False,False,False,0
train,ROIs1970_57_patch_123,0.055302244,0.06872583,0.08926293,0.095311955,0.0,0,empty/not-detected,True,False,True,False,0
train,ROIs2017_115_patch_144,0.06245937,0.05577786,0.079862595,0.7354445,0.0004730224609375,31,light,True,False,True,False,1
train,ROIs1970_112_patch_178,0.5697155,0.11630146,0.30723903,0.48837715,1.0,65536,heavy,False,True,False,True,1
train,ROIs2017_69_patch_180,0.041378643,0.64697814,0.048324034,0.27026814,0.0002593994140625,17,light,True,False,False,False,0
train,ROIs1970_57_patch_199,0.05179588,0.06367759,0.08359721,0.091427386,0.0,0,empty/not-detected,True,False,False,False,0
train,ROIs2017_69_patch_177,0.04236904,0.61978287,0.05111586,0.31616107,0.000457763671875,30,light,False,True,False,False,0
train,ROIs1970_83_patch_281,0.072472624,0.124841034,0.07310131,0.24605112,0.001922607421875,126,light,False,True,False,False,0
train,ROIs1970_57_patch_207,0.062338762,0.07224842,0.09805964,0.09279943,0.0,0,empty/not-detected,True,False,False,False,0
train,ROIs2017_130_patch_102,0.08897032,0.07309362,0.08759599,0.16113186,0.0003814697265625,25,light,False,True,False,True,1
train,ROIs1970_57_patch_192,0.058194898,0.068901315,0.09490161,0.09697429,4.57763671875e-05,3,light,True,False,False,False,0
train,ROIs2017_69_patch_19,0.052815538,0.6130656,0.056885205,0.39067712,0.0,0,empty/not-detected,True,False,True,False,0
train,ROIs2017_69_patch_193,0.037947606,0.6407546,0.040243722,0.45121413,0.0,0,empty/not-detected,True,False,False,False,0
train,ROIs1970_112_patch_232,0.19170985,0.09672894,0.29026482,0.5541224,0.4641876220703125,30421,heavy,False,True,False,True,1
train,ROIs2017_115_patch_239,0.06782857,0.068409644,0.080725245,0.70283115,0.0009002685546875,59,light,True,False,True,False,0
train,ROIs2017_130_patch_60,0.0993445,0.07499603,0.07037743,0.107154466,0.0283660888671875,1859,light,False,True,False,True,2
train,ROIs2017_115_patch_80,0.06723157,0.055245806,0.093297556,0.666257,0.0001373291015625,9,light,True,False,True,False,1
train,ROIs2017_130_patch_103,0.09592895,0.08057104,0.094266765,0.124159284,0.0006866455078125,45,light,False,True,False,True,1
train,ROIs1970_112_patch_98,0.043136995,0.16186765,0.21746191,0.6984744,0.0084381103515625,553,light,False,True,False,False,0
train,ROIs2017_69_patch_97,0.031217687,0.57768124,0.032853045,0.6195145,0.0,0,empty/not-detected,True,False,True,False,0
train,ROIs2017_115_patch_168,0.05604054,0.060391046,0.28810415,0.70915514,0.0,0,empty/not-detected,True,False,True,False,0
train,ROIs1868_127_patch_143,0.08634048,0.48015562,0.09028034,0.45346302,0.0005950927734375,39,light,True,False,True,False,0
train,ROIs1970_83_patch_13,0.062083434,0.16641316,0.05449344,0.2762035,0.0,0,empty/not-detected,True,False,False,True,2
train,ROIs1970_57_patch_134,0.06578955,0.08264295,0.08946132,0.11827201,0.0001373291015625,9,light,True,False,False,False,0
train,ROIs1970_57_patch_173,0.05858331,0.06986421,0.08837985,0.09780531,0.0,0,empty/not-detected,True,False,False,False,0
train,ROIs1868_127_patch_129,0.123230286,0.1257874,0.12712054,0.31352523,0.3639068603515625,23849,heavy,False,True,False,False,0
train,ROIs2017_130_patch_234,0.091817036,0.06782313,0.07199556,0.11749632,0.0151824951171875,995,light,False,True,False,True,1
train,ROIs1970_112_patch_18,0.2368392,0.098489664,0.021877708,0.59468734,0.5963592529296875,39083,heavy,True,False,False,True,2
train,ROIs1970_83_patch_210,0.081227414,0.09900217,0.11873394,0.42781976,3.0517578125e-05,2,light,True,False,True,False,0
train,ROIs2017_69_patch_8,0.031111274,0.62261087,0.034187473,0.5691817,0.0,0,empty/not-detected,True,False,True,False,0
train,ROIs2017_69_patch_94,0.03417109,0.44333008,0.037915375,0.61068404,0.0,0,empty/not-detected,True,False,True,False,0
train,ROIs2017_69_patch_283,0.03648955,0.6743241,0.04272532,0.23195297,9.1552734375e-05,6,light,False,True,False,False,0
train,ROIs1970_83_patch_269,0.09159112,0.21612531,0.10690858,0.3563605,6.103515625e-05,4,light,True,False,True,False,0
train,ROIs1970_112_patch_9,0.072905496,0.3041545,0.04457833,0.6185076,0.0750732421875,4920,light,False,True,False,True,2
train,ROIs2017_69_patch_106,0.034148093,0.507003,0.03806691,0.62946457,4.57763671875e-05,3,light,True,False,False,False,0
train,ROIs1970_112_patch_136,0.23987105,0.09567369,0.04387954,0.5783698,0.7513427734375,49240,heavy,False,True,False,True,2
train,ROIs1970_83_patch_72,0.07146049,0.13728093,0.0823953,0.30064395,0.0001983642578125,13,light,True,False,True,False,0
train,ROIs1970_57_patch_189,0.07073812,0.08118919,0.10229818,0.09677391,0.0,0,empty/not-detected,True,False,False,False,0
train,ROIs1970_57_patch_64,0.07473337,0.09497261,0.08655131,0.10928131,0.0002288818359375,15,light,True,False,False,False,0
train,ROIs2017_115_patch_140,0.065821506,0.06550516,0.09365556,0.7012545,0.000274658203125,18,light,False,True,False,True,1
train,ROIs1970_57_patch_210,0.058464803,0.068671115,0.108100764,0.0917263,0.0,0,empty/not-detected,True,False,False,False,0
train,ROIs1970_112_patch_34,0.6099285,0.18023859,0.03486393,0.6930597,0.925933837890625,60682,heavy,False,True,False,True,2
train,ROIs1970_83_patch_141,0.08531151,0.22458003,0.09073636,0.22248593,1.52587890625e-05,1,light,True,False,True,False,0
train,ROIs1868_127_patch_215,0.09268728,0.465429,0.09922252,0.40771735,0.0029144287109375,191,light,True,False,True,False,0
train,ROIs2017_130_patch_261,0.09264085,0.07052061,0.06501799,0.08930219,0.020263671875,1328,light,False,True,False,True,2
train,ROIs2017_69_patch_143,0.041114878,0.49200237,0.04530075,0.5845956,0.0001068115234375,7,light,True,False,False,False,0
train,ROIs1970_83_patch_236,0.079754144,0.12209222,0.09139712,0.2919496,0.0,0,empty/not-detected,True,False,True,False,0
train,ROIs2017_69_patch_121,0.035391986,0.5680189,0.03970859,0.33206537,0.0,0,empty/not-detected,True,False,True,False,0
train,ROIs1970_112_patch_35,0.6404928,0.28835458,0.04444579,0.67485464,0.99993896484375,65532,heavy,False,True,False,True,2
train,ROIs2017_69_patch_64,0.029573023,0.6047934,0.034848947,0.45895123,1.52587890625e-05,1,light,True,False,False,False,0
train,ROIs1970_112_patch_142,0.28120127,0.43747905,0.34146634,0.44687667,0.692535400390625,45386,heavy,False,True,False,False,0
train,ROIs2017_130_patch_22,0.09534388,0.06890764,0.0669375,0.11765403,0.0302276611328125,1981,light,True,False,False,True,2
train,ROIs2017_69_patch_5,0.034048494,0.62645376,0.03606585,0.53156066,0.0,0,empty/not-detected,True,False,True,False,0
train,ROIs1868_127_patch_210,0.096055835,0.5272721,0.08979796,0.30291915,0.0014495849609375,95,light,True,False,False,True,2
train,ROIs1868_127_patch_188,0.09431397,0.25664043,0.11243188,0.4378584,0.010589599609375,694,light,False,True,False,False,0
train,ROIs1868_127_patch_253,0.11317727,0.5617396,0.121220924,0.19244125,0.006011962890625,394,light,False,True,False,False,0
train,ROIs1970_57_patch_105,0.06951344,0.08257809,0.09197234,0.09994868,0.0002288818359375,15,light,True,False,True,False,0
train,ROIs2017_115_patch_199,0.04853093,0.05156571,0.46007133,0.7190389,0.0,0,empty/not-detected,True,False,True,False,0
train,ROIs1970_112_patch_79,0.067664206,0.19295095,0.06680123,0.6505351,0.0858306884765625,5625,light,False,True,False,True,2
train,ROIs2017_69_patch_263,0.042597182,0.6592445,0.05107159,0.1653277,0.00018310546875,12,light,True,False,False,False,0
train,ROIs1868_127_patch_262,0.1040584,0.58559126,0.11533857,0.25982225,0.0133819580078125,877,light,False,True,False,False,0
train,ROIs2017_115_patch_2,0.06428403,0.061099492,0.5792452,0.71889764,0.0,0,empty/not-detected,True,False,True,False,1
train,ROIs1868_127_patch_213,0.0901326,0.44913176,0.09969482,0.50867254,0.0006866455078125,45,light,True,False,True,False,0
train,ROIs1868_127_patch_255,0.0976466,0.56867224,0.10902765,0.17373718,0.034942626953125,2290,light,True,False,False,False,0
train,ROIs2017_130_patch_149,0.09777613,0.058338113,0.05307464,0.11222175,0.049530029296875,3246,light,True,False,False,True,2
train,ROIs2017_130_patch_10,0.10453669,0.10046394,0.09513803,0.13051961,0.05682373046875,3724,light,False,True,False,True,2
train,ROIs1970_57_patch_36,0.07661169,0.09712682,0.08860719,0.10647482,0.00018310546875,12,light,True,False,False,False,0
train,ROIs1970_57_patch_158,0.06265467,0.07409638,0.09973593,0.09742855,0.000244140625,16,light,True,False,False,False,0
train,ROIs1970_83_patch_191,0.08529003,0.07505174,0.12997766,0.4251566,0.023681640625,1552,light,True,False,False,True,1
train,ROIs2017_115_patch_39,0.070381455,0.062066205,0.4508242,0.7409718,0.0,0,empty/not-detected,True,False,True,False,1
train,ROIs1970_112_patch_238,0.6731921,0.06886438,0.039145194,0.6361689,1.0,65536,heavy,True,False,False,True,2
train,ROIs2017_69_patch_118,0.029594585,0.6103001,0.03530439,0.39095217,0.0,0,empty/not-detected,False,True,False,False,0
train,ROIs1868_127_patch_104,0.0973467,0.43835822,0.09605083,0.48038897,0.0547637939453125,3589,light,True,False,False,True,2
train,ROIs2017_115_patch_216,0.051080085,0.053183734,0.5949793,0.70390385,0.0,0,empty/not-detected,True,False,True,False,0
train,ROIs2017_130_patch_15,0.1009825,0.078724064,0.07102725,0.11207894,0.0399627685546875,2619,light,False,True,False,True,2
train,ROIs1868_127_patch_128,0.13071015,0.10249192,0.14022258,0.2147005,0.3095703125,20288,heavy,False,True,False,True,1
train,ROIs1868_127_patch_163,0.09880041,0.38675886,0.11061727,0.19266006,0.0021820068359375,143,light,True,False,True,False,0
train,ROIs1970_57_patch_153,0.061294466,0.074517705,0.08781515,0.09559861,0.0,0,empty/not-detected,True,False,False,False,0
train,ROIs2017_130_patch_159,0.087589696,0.054668427,0.05750414,0.115136705,0.003570556640625,234,light,True,False,True,False,1
train,ROIs1970_83_patch_129,0.08226337,0.106460914,0.0932602,0.24362719,0.002532958984375,166,light,True,False,True,False,0
train,ROIs1970_83_patch_47,0.08060862,0.15715025,0.080541775,0.34034216,0.015472412109375,1014,light,True,False,False,True,2
train,ROIs1970_83_patch_17,0.06208992,0.31330717,0.063911825,0.18392944,0.001007080078125,66,light,False,True,False,False,0
train,ROIs2017_115_patch_268,0.066286005,0.06732178,0.618476,0.7494557,0.0,0,empty/not-detected,True,False,True,False,0
train,ROIs1868_127_patch_199,0.09176837,0.5685698,0.10172533,0.18096493,0.0027313232421875,179,light,True,False,True,False,0
train,ROIs2017_130_patch_21,0.090854704,0.0588697,0.054375418,0.10343704,0.0104827880859375,687,light,False,True,False,True,2
train,ROIs2017_130_patch_263,0.11126839,0.102679245,0.09057993,0.09598585,0.1056060791015625,6921,medium,True,False,False,False,2
train,ROIs2017_130_patch_70,0.11898628,0.11150634,0.09449479,0.10058749,0.1186065673828125,7773,medium,False,True,False,True,2
train,ROIs2017_69_patch_137,0.030174637,0.61486006,0.034099147,0.45217657,0.0,0,empty/not-detected,True,False,True,False,0
train,ROIs1970_83_patch_22,0.085317455,0.19151919,0.09450655,0.22735801,0.0042572021484375,279,light,True,False,False,False,0
train,ROIs1970_83_patch_136,0.082059264,0.12796175,0.108965635,0.25375667,0.0007171630859375,47,light,True,False,True,False,0
train,ROIs1970_112_patch_64,0.43299296,0.06810432,0.033823777,0.6717538,0.8028411865234375,52615,heavy,False,True,False,True,2
train,ROIs2017_115_patch_280,0.07557549,0.0781351,0.08320467,0.7492269,0.0,0,empty/not-detected,True,False,True,False,0
train,ROIs1970_112_patch_120,0.10702357,0.17248087,0.031344417,0.5269246,0.1792449951171875,11747,medium,False,True,False,True,2
train,ROIs2017_130_patch_48,0.09677696,0.08283048,0.08839839,0.13474779,0.0081634521484375,535,light,False,True,False,True,1
train,ROIs2017_69_patch_148,0.040495675,0.4842965,0.04611496,0.6022116,0.000457763671875,30,light,True,False,False,False,0
train,ROIs1970_83_patch_149,0.08180792,0.12983711,0.091928415,0.22012743,0.0024261474609375,159,light,True,False,True,False,0
train,ROIs1970_83_patch_110,0.08901726,0.120729074,0.08652986,0.26631394,0.00372314453125,244,light,True,False,False,True,2
train,ROIs2017_115_patch_191,0.06568678,0.061491325,0.6363397,0.6668178,0.0,0,empty/not-detected,True,False,True,False,1
train,ROIs2017_115_patch_52,0.06090031,0.059907664,0.07224114,0.7075572,0.0013885498046875,91,light,True,False,True,False,1
train,ROIs2017_69_patch_222,0.040728666,0.5683947,0.045268696,0.13696262,0.0001068115234375,7,light,True,False,False,False,0
train,ROIs1868_127_patch_35,0.072922386,0.20125398,0.0800225,0.52991396,0.02044677734375,1340,light,False,True,False,False,0
train,ROIs1970_112_patch_70,0.4268665,0.3310424,0.04071498,0.6447513,0.771728515625,50576,heavy,False,True,False,True,2
train,ROIs2017_130_patch_96,0.09939469,0.085488826,0.08735268,0.11685316,0.0196380615234375,1287,light,False,True,False,True,1
train,ROIs1970_112_patch_236,0.5819378,0.054125868,0.046301257,0.6850679,0.999847412109375,65526,heavy,False,True,False,True,2
train,ROIs2017_115_patch_70,0.07030591,0.06946518,0.08131859,0.70335144,0.0,0,empty/not-detected,True,False,True,False,1
train,ROIs2017_130_patch_90,0.08776927,0.06639315,0.060530894,0.14178045,0.0013275146484375,87,light,True,False,True,False,2
train,ROIs1970_57_patch_54,0.07890401,0.09561478,0.092647634,0.10494881,7.62939453125e-05,5,light,True,False,False,False,0
train,ROIs1970_83_patch_225,0.08266746,0.1322788,0.096483335,0.18201822,4.57763671875e-05,3,light,True,False,True,False,0
train,ROIs2017_115_patch_98,0.06424744,0.058175594,0.11538289,0.68332684,0.0,0,empty/not-detected,True,False,True,False,1
train,ROIs2017_69_patch_135,0.035634898,0.6373861,0.047004223,0.22575517,0.00018310546875,12,light,True,False,False,False,0
train,ROIs2017_130_patch_24,0.10845612,0.11474843,0.10955758,0.13439488,0.0030364990234375,199,light,True,False,True,False,0
train,ROIs2017_115_patch_196,0.050203767,0.051208727,0.2700218,0.69460887,0.0,0,empty/not-detected,True,False,True,False,0
train,ROIs2017_115_patch_275,0.07596949,0.07646318,0.09792508,0.6657439,7.62939453125e-05,5,light,True,False,True,False,0
train,ROIs2017_115_patch_148,0.064105675,0.06361023,0.08334729,0.72662336,0.0,0,empty/not-detected,True,False,True,False,1
train,ROIs1970_83_patch_195,0.08098915,0.108496614,0.0972423,0.3090095,0.0172271728515625,1129,light,True,False,False,False,0
train,ROIs2017_130_patch_115,0.09577,0.087133825,0.088272594,0.117276825,0.0075225830078125,493,light,False,True,False,True,1
train,ROIs2017_115_patch_20,0.068977915,0.065118544,0.61460924,0.7128033,0.0,0,empty/not-detected,True,False,True,False,1
train,ROIs2017_115_patch_246,0.07763179,0.08005333,0.3566466,0.6932908,0.0053253173828125,349,light,True,False,True,False,0
train,ROIs1970_112_patch_12,0.06752531,0.35376447,0.027743664,0.6942989,0.0902252197265625,5913,light,False,True,False,True,2
train,ROIs2017_115_patch_241,0.07800706,0.07597421,0.07922794,0.64729226,0.0245513916015625,1609,light,False,True,False,True,1
train,ROIs1970_83_patch_57,0.07108737,0.13644245,0.08689481,0.16942108,0.0019989013671875,131,light,False,True,False,False,0
train,ROIs1868_127_patch_200,0.096732475,0.5700433,0.109351344,0.16258602,0.003326416015625,218,light,True,False,True,False,0
train,ROIs2017_115_patch_66,0.079347804,0.07060715,0.39005384,0.72004324,0.0031890869140625,209,light,True,False,True,False,1
train,ROIs2017_115_patch_173,0.06595583,0.06352732,0.6094577,0.7036935,0.0,0,empty/not-detected,True,False,True,False,1
train,ROIs1868_127_patch_49,0.081792906,0.45917654,0.083994314,0.54645306,0.003997802734375,262,light,True,False,True,False,0
train,ROIs2017_69_patch_47,0.03239028,0.5963671,0.038860608,0.48746818,0.000213623046875,14,light,True,False,False,False,0
train,ROIs2017_115_patch_141,0.06718872,0.062615104,0.08703032,0.6739614,0.0005035400390625,33,light,True,False,True,False,1
train,ROIs2017_69_patch_205,0.03803068,0.64471173,0.044518888,0.33942866,0.0,0,empty/not-detected,True,False,True,False,0
train,ROIs2017_130_patch_160,0.14012925,0.10541502,0.106288366,0.095768064,0.54962158203125,36020,heavy,True,False,False,True,3
train,ROIs1970_83_patch_242,0.08870753,0.2297316,0.10161862,0.2065967,0.0,0,empty/not-detected,True,False,True,False,0
train,ROIs2017_115_patch_90,0.06986385,0.06195037,0.069287226,0.7128087,3.0517578125e-05,2,light,True,False,True,False,1
train,ROIs2017_69_patch_165,0.03898211,0.548526,0.04447018,0.40797254,0.000152587890625,10,light,False,True,False,False,0
train,ROIs1970_57_patch_108,0.06252919,0.075778775,0.08777196,0.096300565,0.000396728515625,26,light,True,False,False,False,0
train,ROIs2017_115_patch_163,0.061534166,0.0608984,0.08856231,0.69033647,1.52587890625e-05,1,light,True,False,True,False,1
train,ROIs1868_127_patch_266,0.10684535,0.5253098,0.12538679,0.45578533,0.00848388671875,556,light,True,False,True,False,0
train,ROIs1970_83_patch_131,0.077140346,0.10093755,0.09761825,0.26762006,0.0001373291015625,9,light,True,False,True,False,0
train,ROIs1970_57_patch_242,0.05941288,0.07093238,0.09639452,0.09260191,0.0001678466796875,11,light,True,False,True,False,0
train,ROIs2017_69_patch_32,0.02808059,0.5559524,0.034132726,0.5796018,0.0,0,empty/not-detected,True,False,True,False,0
train,ROIs1970_83_patch_189,0.085780755,0.097645745,0.096858986,0.18616918,0.0133514404296875,875,light,True,False,False,False,0
train,ROIs1970_57_patch_30,0.067691535,0.09691577,0.080642045,0.11052142,0.0,0,empty/not-detected,True,False,False,False,0
train,ROIs2017_115_patch_209,0.08173679,0.07669707,0.65293145,0.6109347,0.0,0,empty/not-detected,True,False,True,False,1
train,ROIs2017_69_patch_225,0.034525104,0.57364005,0.042565946,0.38765392,0.0,0,empty/not-detected,True,False,True,False,0
train,ROIs1970_83_patch_98,0.08109082,0.13334507,0.08897975,0.3135454,0.0028076171875,184,light,False,True,False,False,0
train,ROIs2017_130_patch_265,0.11811299,0.10963512,0.09652146,0.111770794,0.1175994873046875,7707,medium,True,False,True,False,2
train,ROIs1970_112_patch_209,0.4286518,0.10299212,0.03263101,0.702884,0.9654693603515625,63273,heavy,True,False,False,True,2
train,ROIs1970_112_patch_69,0.5150295,0.20708722,0.042420242,0.6526491,0.9126434326171875,59811,heavy,False,True,False,True,2
train,ROIs1868_127_patch_246,0.11371143,0.4670955,0.12301466,0.38349676,0.0067901611328125,445,light,True,False,True,False,0
train,ROIs1970_83_patch_71,0.07838089,0.12674806,0.08371736,0.30979353,0.0113525390625,744,light,False,True,False,False,0
train,ROIs2017_130_patch_266,0.12057999,0.104679495,0.09517488,0.11520633,0.0880126953125,5768,light,True,False,False,False,2
train,ROIs1868_127_patch_211,0.096854255,0.4922534,0.09198346,0.35338584,0.0027618408203125,181,light,True,False,True,False,2
train,ROIs1970_57_patch_144,0.051591024,0.062178537,0.08652059,0.09169896,0.0,0,empty/not-detected,True,False,False,False,0
train,ROIs1868_127_patch_60,0.09205975,0.27282187,0.09702247,0.5415212,0.0010223388671875,67,light,True,False,True,False,0
train,ROIs1868_127_patch_125,0.08436764,0.45521143,0.08786568,0.3889503,0.000244140625,16,light,True,False,True,False,0
train,ROIs2017_130_patch_148,0.09574132,0.065967865,0.068826094,0.111964695,0.004150390625,272,light,True,False,False,True,1
train,ROIs1970_83_patch_41,0.0939042,0.13115166,0.10009948,0.19594541,0.092071533203125,6034,light,True,False,False,False,0
train,ROIs1868_127_patch_43,0.096730664,0.29843098,0.103803955,0.57120407,0.0027313232421875,179,light,True,False,True,False,0
train,ROIs2017_130_patch_85,0.095266774,0.08858617,0.100448534,0.12687321,0.00146484375,96,light,False,True,False,True,1
train,ROIs1970_112_patch_245,0.6583209,0.21192506,0.055706657,0.49230525,1.0,65536,heavy,True,False,False,True,2
train,ROIs2017_115_patch_176,0.07102038,0.066875786,0.08885629,0.6993479,0.000518798828125,34,light,True,False,True,False,1
train,ROIs1868_127_patch_244,0.10332906,0.52076054,0.110614985,0.36204395,0.0,0,empty/not-detected,True,False,True,False,0
train,ROIs1970_83_patch_268,0.09434822,0.24239212,0.10547157,0.34677607,6.103515625e-05,4,light,True,False,True,False,0
train,ROIs2017_69_patch_58,0.03416257,0.5973343,0.03525245,0.43702176,0.0,0,empty/not-detected,True,False,True,False,0
train,ROIs1970_83_patch_118,0.082211986,0.15727673,0.09138066,0.21219733,0.001983642578125,130,light,False,True,False,False,0
train,ROIs1970_83_patch_171,0.08837287,0.09677954,0.09417403,0.43900734,0.0515289306640625,3377,light,False,True,False,False,0
train,ROIs1868_127_patch_54,0.099112496,0.6024338,0.10757539,0.42015997,0.006103515625,400,light,True,False,True,False,0
train,ROIs1970_112_patch_162,0.43920252,0.102359496,0.02241676,0.59464806,0.9847564697265625,64537,heavy,True,False,False,True,2
train,ROIs2017_69_patch_234,0.04165262,0.69003785,0.049954172,0.42669168,0.000213623046875,14,light,True,False,False,False,0
train,ROIs1868_127_patch_254,0.10850647,0.5252945,0.11601348,0.17986697,0.0536041259765625,3513,light,True,False,True,False,0
train,ROIs2017_69_patch_281,0.03947042,0.67178,0.046017386,0.18715909,7.62939453125e-05,5,light,False,True,False,False,0
train,ROIs1970_57_patch_37,0.07932657,0.097102694,0.091455325,0.10898946,0.0,0,empty/not-detected,True,False,False,False,0
train,ROIs2017_115_patch_16,0.05807608,0.11074729,0.395739,0.760805,0.0,0,empty/not-detected,True,False,True,False,0
train,ROIs1970_57_patch_0,0.05956189,0.09135297,0.07321998,0.10638332,0.0,0,empty/not-detected,True,False,False,False,0
train,ROIs1970_83_patch_280,0.08318394,0.115708604,0.09938088,0.28498834,0.0003509521484375,23,light,True,False,True,False,0
train,ROIs2017_115_patch_181,0.059048332,0.059739195,0.10086365,0.7472857,0.0,0,empty/not-detected,True,False,True,False,0
train,ROIs2017_69_patch_236,0.044110324,0.6531262,0.053515337,0.11295214,0.0003814697265625,25,light,True,False,False,False,0
train,ROIs2017_130_patch_222,0.09962688,0.07617565,0.07414045,0.11086448,0.0157318115234375,1031,light,False,True,False,True,2
train,ROIs1970_112_patch_111,0.16091654,0.14359649,0.025517516,0.7469233,0.4976959228515625,32617,heavy,True,False,False,True,2
train,ROIs1970_57_patch_94,0.054763827,0.07195314,0.084159434,0.09833057,3.0517578125e-05,2,light,True,False,False,False,0
train,ROIs1868_127_patch_205,0.09169756,0.30575198,0.108804256,0.47872052,0.023681640625,1552,light,True,False,True,False,0
train,ROIs1868_127_patch_269,0.10561576,0.46628565,0.10718459,0.50790983,0.1237640380859375,8111,medium,False,True,False,False,0
train,ROIs1970_112_patch_219,0.6128816,0.06972813,0.04691042,0.75291926,0.9997100830078125,65517,heavy,True,False,False,True,2
train,ROIs2017_69_patch_255,0.04232993,0.65265775,0.0529653,0.14340506,0.0,0,empty/not-detected,True,False,True,False,0
train,ROIs1868_127_patch_37,0.08927688,0.6954416,0.09651616,0.50802076,3.0517578125e-05,2,light,True,False,True,False,0
train,ROIs1970_57_patch_206,0.06548531,0.07634821,0.09866158,0.094824046,0.0,0,empty/not-detected,True,False,False,False,0
train,ROIs1970_112_patch_116,0.17921543,0.1810821,0.031253964,0.6632083,0.58160400390625,38116,heavy,False,True,False,True,2
train,ROIs1970_57_patch_11,0.07337147,0.10240159,0.086155415,0.1172886,0.001983642578125,130,light,True,False,False,False,0
train,ROIs2017_130_patch_49,0.099590026,0.078862876,0.084503025,0.11744906,0.0398712158203125,2613,light,False,True,False,True,1
train,ROIs1970_83_patch_158,0.09799903,0.13099751,0.10101676,0.26204672,0.0008544921875,56,light,True,False,True,False,0
train,ROIs2017_130_patch_38,0.09191579,0.054633405,0.049941838,0.10131034,0.0193328857421875,1267,light,True,False,False,True,2
train,ROIs1970_57_patch_169,0.070263594,0.09074381,0.090067975,0.12522998,0.0,0,empty/not-detected,True,False,False,False,0
train,ROIs1970_57_patch_82,0.07059118,0.09376,0.08415194,0.112933874,0.0,0,empty/not-detected,True,False,False,False,0
train,ROIs2017_130_patch_132,0.08970655,0.066207014,0.068465315,0.107527524,0.05126953125,3360,light,False,True,False,True,1
train,ROIs2017_130_patch_196,0.11742127,0.104789495,0.109610684,0.11757444,0.0755767822265625,4953,light,True,False,False,True,1
train,ROIs2017_115_patch_244,0.07955238,0.0817529,0.093194276,0.6725354,0.0,0,empty/not-detected,True,False,True,False,0
train,ROIs1868_127_patch_158,0.09263252,0.647508,0.09597221,0.42750016,0.000762939453125,50,light,True,False,True,False,0
train,ROIs1970_57_patch_84,0.067834966,0.0847226,0.08302551,0.113930546,9.1552734375e-05,6,light,True,False,True,False,0
train,ROIs1970_112_patch_156,0.11744423,0.12627679,0.0351192,0.68845063,0.2468109130859375,16175,medium,False,True,False,True,2
train,ROIs2017_130_patch_101,0.090382315,0.0756481,0.08939979,0.17640927,0.000518798828125,34,light,False,True,False,True,1
train,ROIs1868_127_patch_44,0.09633201,0.26758984,0.103207305,0.5722961,0.0012054443359375,79,light,True,False,True,False,0
train,ROIs1868_127_patch_267,0.100170866,0.37509936,0.12323448,0.5158115,0.0332794189453125,2181,light,False,True,False,False,0
train,ROIs1970_83_patch_199,0.09467495,0.091654584,0.101855464,0.24238768,0.0087738037109375,575,light,True,False,False,True,1
train,ROIs1970_112_patch_48,0.37364373,0.15145952,0.038735665,0.5605988,0.6992340087890625,45825,heavy,False,True,False,True,2
train,ROIs2017_130_patch_33,0.10126806,0.09553794,0.090927735,0.114450745,0.04345703125,2848,light,False,True,False,True,2
train,ROIs1970_112_patch_127,0.37640792,0.14449072,0.022206305,0.6518141,0.9849853515625,64552,heavy,True,False,False,True,2
train,ROIs1868_127_patch_95,0.09410032,0.291605,0.10039123,0.30891737,0.021881103515625,1434,light,False,True,False,False,0
train,ROIs1970_57_patch_246,0.05901281,0.06699623,0.100063436,0.08816857,0.000396728515625,26,light,True,False,False,False,0
train,ROIs1868_127_patch_81,0.094794124,0.19582538,0.09893129,0.4904275,0.0600433349609375,3935,light,True,False,False,False,0
train,ROIs2017_115_patch_252,0.065553285,0.064990066,0.6102454,0.6428775,0.0,0,empty/not-detected,True,False,True,False,1
train,ROIs1970_83_patch_42,0.097868174,0.11923377,0.09044389,0.23586765,0.0674285888671875,4419,light,True,False,False,True,2
train,ROIs1970_112_patch_19,0.4087721,0.093684316,0.021440662,0.6530823,0.8724212646484375,57175,heavy,True,False,False,True,2
train,ROIs1970_83_patch_70,0.09251361,0.11460868,0.088663526,0.30416712,0.0632476806640625,4145,light,True,False,False,True,2
train,ROIs1970_83_patch_170,0.08715712,0.15967469,0.08384222,0.16361968,0.005218505859375,342,light,False,True,False,True,2
train,ROIs1868_127_patch_67,0.083151884,0.53256404,0.08161118,0.47557682,0.007537841796875,494,light,True,False,True,False,2
train,ROIs2017_69_patch_61,0.03361023,0.60804033,0.039688233,0.19288489,0.0,0,empty/not-detected,True,False,True,False,0
train,ROIs1970_83_patch_21,0.08161315,0.22676319,0.090029754,0.19927725,0.010040283203125,658,light,False,True,False,False,0
train,ROIs1970_83_patch_249,0.09068635,0.36312252,0.10563786,0.35654646,0.0,0,empty/not-detected,True,False,True,False,0
train,ROIs1970_83_patch_25,0.07393752,0.114925,0.07547288,0.32300547,0.0190277099609375,1247,light,True,False,False,False,0
train,ROIs1868_127_patch_229,0.09596292,0.5366305,0.10128702,0.40622085,0.0002899169921875,19,light,True,False,True,False,0
train,ROIs2017_130_patch_35,0.0888449,0.09346104,0.075173974,0.13592876,0.007965087890625,522,light,True,False,False,True,2
train,ROIs2017_115_patch_282,0.076573394,0.0784036,0.08101426,0.69231397,0.0,0,empty/not-detected,True,False,True,False,0
train,ROIs1970_112_patch_221,0.6474452,0.045639962,0.068735674,0.6996958,1.0,65536,heavy,True,False,False,True,1
train,ROIs2017_115_patch_59,0.066580646,0.059176162,0.10563391,0.69400877,0.0,0,empty/not-detected,True,False,True,False,1
train,ROIs2017_69_patch_238,0.043143548,0.65017664,0.049667697,0.118657656,0.0003814697265625,25,light,False,True,False,False,0
train,ROIs2017_115_patch_258,0.067120925,0.06678591,0.07527858,0.7152861,0.0048065185546875,315,light,True,False,False,True,1
train,ROIs1970_57_patch_19,0.07820551,0.10150861,0.08877778,0.10860358,0.000335693359375,22,light,True,False,False,False,0
train,ROIs1970_83_patch_221,0.080591686,0.16176113,0.090304345,0.23711896,0.0007476806640625,49,light,False,True,False,False,0
train,ROIs1970_83_patch_226,0.073777,0.17821994,0.08500322,0.16173162,0.0003204345703125,21,light,False,True,False,False,0
train,ROIs2017_130_patch_71,0.15028097,0.13878089,0.089741684,0.09250341,0.5767822265625,37800,heavy,True,False,False,True,2
train,ROIs1970_83_patch_207,0.083541244,0.12886801,0.097524755,0.16283828,0.015411376953125,1010,light,True,False,False,False,0
train,ROIs2017_69_patch_162,0.040926173,0.59773946,0.046304658,0.3833947,0.0,0,empty/not-detected,False,True,False,False,0
train,ROIs1868_127_patch_40,0.08945922,0.3037629,0.09461364,0.55003875,0.0,0,empty/not-detected,True,False,True,False,0
train,ROIs1868_127_patch_224,0.10402615,0.44216073,0.11363708,0.37649745,0.0039825439453125,261,light,False,True,False,False,0
train,ROIs2017_130_patch_250,0.12535396,0.118625306,0.10367023,0.12378602,0.1354217529296875,8875,medium,False,True,False,True,2
train,ROIs2017_130_patch_20,0.0915295,0.057011817,0.05128695,0.097375326,0.0070953369140625,465,light,False,True,False,True,2
train,ROIs1970_83_patch_146,0.09030621,0.13490357,0.09570959,0.23785149,0.008819580078125,578,light,True,False,True,False,0
train,ROIs2017_115_patch_228,0.07469972,0.072018966,0.6309686,0.6401596,0.0,0,empty/not-detected,True,False,True,False,1
train,ROIs1970_83_patch_183,0.09739104,0.0692576,0.103227936,0.26626027,0.106597900390625,6986,medium,True,False,False,True,1
train,ROIs1970_57_patch_254,0.07095829,0.0869771,0.095048755,0.114851765,0.0126953125,832,light,True,False,False,False,0
train,ROIs1868_127_patch_231,0.0946155,0.49311924,0.09950713,0.5089034,0.000213623046875,14,light,True,False,True,False,0
train,ROIs1970_83_patch_39,0.10069916,0.14571996,0.094407044,0.19829664,0.132843017578125,8706,medium,False,True,False,True,2
train,ROIs2017_69_patch_40,0.041827634,0.6180882,0.042320434,0.3553285,0.0,0,empty/not-detected,True,False,True,False,0
train,ROIs2017_69_patch_101,0.029280042,0.57871884,0.03372468,0.22008282,0.0,0,empty/not-detected,True,False,False,False,0
train,ROIs1868_127_patch_31,0.09104318,0.20290115,0.09481507,0.55916595,0.030975341796875,2030,light,False,True,False,False,0
train,ROIs2017_115_patch_101,0.067817,0.06159661,0.08125782,0.7427113,9.1552734375e-05,6,light,True,False,False,True,1
train,ROIs1970_57_patch_22,0.062413365,0.08431882,0.074917465,0.10823762,0.0,0,empty/not-detected,True,False,True,False,0
train,ROIs1970_83_patch_36,0.061525777,0.26289928,0.06766599,0.21765636,0.0,0,empty/not-detected,True,False,True,False,0
train,ROIs2017_115_patch_192,0.061785012,0.061737746,0.570498,0.6911657,0.0,0,empty/not-detected,True,False,True,False,1
train,ROIs1970_57_patch_227,0.060948387,0.07039363,0.108709134,0.09816545,0.0,0,empty/not-detected,True,False,True,False,0
train,ROIs1970_112_patch_102,0.21576914,0.086399935,0.039716367,0.6979834,0.7098388671875,46520,heavy,False,True,False,True,2
train,ROIs2017_69_patch_190,0.03492545,0.6467882,0.042903136,0.44002622,0.0,0,empty/not-detected,False,True,False,False,0
train,ROIs2017_69_patch_34,0.034280397,0.5260648,0.038789053,0.6035992,0.0,0,empty/not-detected,True,False,False,False,0
train,ROIs1970_57_patch_220,0.071439594,0.089254156,0.0950149,0.11590593,0.002410888671875,158,light,True,False,True,False,0
train,ROIs1970_112_patch_110,0.293922,0.12034472,0.023319392,0.66751707,0.8065185546875,52856,heavy,True,False,False,True,2
train,ROIs2017_115_patch_263,0.08055649,0.08399667,0.08565105,0.6526884,0.0,0,empty/not-detected,True,False,True,False,0
train,ROIs1868_127_patch_42,0.09555294,0.25537202,0.103257924,0.5650463,0.0081024169921875,531,light,True,False,True,False,0
train,ROIs2017_115_patch_271,0.07066712,0.07028226,0.62439233,0.70919764,0.0,0,empty/not-detected,True,False,True,False,1
train,ROIs2017_115_patch_257,0.076743506,0.07613841,0.093930826,0.7313172,0.0045166015625,296,light,True,False,True,False,1
train,ROIs2017_130_patch_76,0.09780489,0.06618584,0.062800616,0.10864608,0.0357818603515625,2345,light,True,False,False,True,2
train,ROIs1868_127_patch_268,0.10976995,0.45656914,0.11891473,0.4922599,0.03125,2048,light,True,False,False,False,0
train,ROIs2017_69_patch_9,0.034911864,0.6307741,0.04075523,0.6028881,0.0,0,empty/not-detected,True,False,True,False,0
train,ROIs1970_83_patch_220,0.08928859,0.1055797,0.101088904,0.22427823,0.0029754638671875,195,light,False,True,False,False,0
train,ROIs1868_127_patch_52,0.083124295,0.3334337,0.084466234,0.5639064,0.0171356201171875,1123,light,True,False,True,False,0
train,ROIs2017_130_patch_104,0.10020585,0.08873941,0.09551425,0.11368956,0.0096588134765625,633,light,False,True,False,True,1
train,ROIs2017_69_patch_226,0.031030621,0.5549475,0.038121425,0.6575485,0.0,0,empty/not-detected,True,False,True,False,0
train,ROIs2017_130_patch_116,0.09863756,0.08303391,0.08901783,0.124625884,0.0206146240234375,1351,light,False,True,False,True,1
train,ROIs1868_127_patch_22,0.09293105,0.46975473,0.098645136,0.5360661,0.0,0,empty/not-detected,True,False,True,False,0
train,ROIs2017_130_patch_240,0.093942426,0.070469804,0.077255316,0.10577451,0.101470947265625,6650,medium,True,False,False,True,1
train,ROIs1970_112_patch_91,0.119230114,0.17257746,0.021727772,0.6517811,0.282562255859375,18518,medium,True,False,False,True,2
train,ROIs2017_130_patch_16,0.10537428,0.079948686,0.07827687,0.15204795,0.0742034912109375,4863,light,False,True,False,True,2
train,ROIs1970_112_patch_140,0.18787631,0.36463916,0.04706914,0.66046035,0.453216552734375,29702,heavy,False,True,False,True,2
train,ROIs2017_115_patch_253,0.06861929,0.06788555,0.45977363,0.63554555,0.0007476806640625,49,light,True,False,True,False,1
train,ROIs1970_83_patch_180,0.11123859,0.12945393,0.104936525,0.18718565,0.0981903076171875,6435,light,False,True,False,True,2
train,ROIs1970_83_patch_251,0.08455003,0.1916315,0.09614052,0.38285303,1.52587890625e-05,1,light,True,False,False,False,0
train,ROIs2017_130_patch_230,0.11350451,0.10864965,0.10992026,0.13788117,0.014068603515625,922,light,True,False,False,True,1
train,ROIs1970_112_patch_78,0.0683027,0.16985768,0.03871645,0.6536758,0.1113739013671875,7299,medium,False,True,False,True,2
train,ROIs2017_69_patch_133,0.037132543,0.62868047,0.04167018,0.14903466,0.0006103515625,40,light,False,True,False,False,0
train,ROIs1970_112_patch_96,0.06834984,0.15211502,0.03391754,0.68058753,0.077911376953125,5106,light,False,True,False,True,2
train,ROIs2017_115_patch_201,0.052895255,0.05455053,0.19772497,0.7251253,9.1552734375e-05,6,light,True,False,True,False,0
train,ROIs1970_57_patch_232,0.057465427,0.065260075,0.08496298,0.08659494,0.00201416015625,132,light,True,False,False,False,0
train,ROIs1970_83_patch_179,0.10296204,0.11494683,0.09899763,0.20041512,0.02239990234375,1468,light,True,False,False,True,2
train,ROIs1970_112_patch_225,0.47265947,0.11879851,0.043057293,0.6776294,0.9610595703125,62984,heavy,False,True,False,True,2
train,ROIs1970_112_patch_88,0.30280218,0.3380344,0.043508958,0.63520896,0.7114105224609375,46623,heavy,False,True,False,True,2
train,ROIs1970_57_patch_50,0.061233703,0.08674475,0.07891817,0.11637862,0.0,0,empty/not-detected,True,False,True,False,0
train,ROIs1868_127_patch_187,0.09440178,0.40872446,0.10797762,0.39127237,0.009246826171875,606,light,False,True,False,False,0
train,ROIs1970_57_patch_91,0.061989266,0.07553228,0.08727121,0.09776552,1.52587890625e-05,1,light,True,False,False,False,0
train,ROIs2017_69_patch_60,0.032830257,0.5987196,0.037058625,0.21400066,0.0,0,empty/not-detected,True,False,True,False,0
train,ROIs1970_57_patch_147,0.059890583,0.07555672,0.087239236,0.09787894,0.0007476806640625,49,light,True,False,True,False,0
train,ROIs2017_115_patch_248,0.05352782,0.05501733,0.43967965,0.7144662,0.0,0,empty/not-detected,True,False,True,False,0
train,ROIs1970_57_patch_32,0.055515893,0.08277105,0.07213512,0.11332601,0.0,0,empty/not-detected,True,False,True,False,0
train,ROIs1970_57_patch_48,0.062106952,0.08694337,0.076328054,0.1105707,0.0003204345703125,21,light,True,False,True,False,0
train,ROIs2017_69_patch_170,0.03925191,0.61902755,0.04258702,0.5354685,7.62939453125e-05,5,light,True,False,False,False,0
train,ROIs1970_57_patch_80,0.07295852,0.087627284,0.087224,0.10651914,0.0,0,empty/not-detected,True,False,False,False,0
train,ROIs2017_130_patch_212,0.11715546,0.10790563,0.10925322,0.13860479,0.0106201171875,696,light,True,False,True,False,1
train,ROIs2017_130_patch_84,0.091741554,0.08173602,0.09851019,0.14053267,1.52587890625e-05,1,light,False,True,False,True,1
train,ROIs2017_130_patch_68,0.107716665,0.100692675,0.095033295,0.108760506,0.0210113525390625,1377,light,False,True,False,True,2
train,ROIs2017_69_patch_24,0.029864136,0.62237746,0.033394597,0.5437797,0.0,0,empty/not-detected,True,False,True,False,0
train,ROIs1970_112_patch_50,0.4153224,0.18206823,0.04690586,0.68048036,0.9649200439453125,63237,heavy,False,True,False,True,2
train,ROIs1970_112_patch_148,0.45220494,0.09833437,0.039227452,0.67347294,0.997711181640625,65386,heavy,True,False,False,True,2
train,ROIs1970_112_patch_76,0.051709063,0.18060774,0.034971178,0.67578834,0.00390625,256,light,True,False,True,False,2
train,ROIs1970_57_patch_62,0.07381104,0.09819536,0.08657843,0.10727709,0.0,0,empty/not-detected,True,False,False,False,0
train,ROIs1970_57_patch_33,0.07223742,0.103104,0.08403714,0.112311676,0.0,0,empty/not-detected,True,False,False,False,0
train,ROIs2017_69_patch_74,0.036598794,0.525845,0.04419876,0.6074831,0.0,0,empty/not-detected,True,False,False,False,0
train,ROIs2017_115_patch_220,0.06657702,0.06790057,0.08587635,0.70314044,0.000762939453125,50,light,True,False,False,False,0
train,ROIs1868_127_patch_113,0.1071857,0.1759674,0.111485735,0.30794704,0.126495361328125,8290,medium,False,True,False,False,0
train,ROIs1970_112_patch_157,0.13012232,0.20095792,0.03465672,0.58621407,0.306060791015625,20058,heavy,False,True,False,True,2
train,ROIs2017_69_patch_256,0.042985722,0.6649977,0.04851622,0.111006185,0.0,0,empty/not-detected,True,False,True,False,0
train,ROIs2017_115_patch_261,0.07246922,0.075463265,0.079649545,0.69503224,0.0,0,empty/not-detected,True,False,True,False,0
train,ROIs1868_127_patch_236,0.09785558,0.46060544,0.11103196,0.15221064,0.0548553466796875,3595,light,False,True,False,False,0
train,ROIs1970_83_patch_206,0.08369938,0.09769738,0.10703819,0.18744546,0.00128173828125,84,light,True,False,False,False,0
train,ROIs1970_112_patch_100,0.06052468,0.12195312,0.032999985,0.66381013,0.0455780029296875,2987,light,False,True,False,True,2
train,ROIs1970_57_patch_183,0.05753766,0.07253003,0.08729173,0.099824026,4.57763671875e-05,3,light,True,False,False,False,0
train,ROIs2017_115_patch_12,0.09933814,0.07276484,0.1359476,0.7368239,0.0321197509765625,2105,light,False,True,False,True,1
train,ROIs2017_130_patch_195,0.11574601,0.088164404,0.092876226,0.13532278,0.1523284912109375,9983,medium,False,True,False,True,1
train,ROIs1970_112_patch_109,0.12212852,0.1647642,0.022106212,0.6759687,0.323089599609375,21174,heavy,True,False,False,True,2
train,ROIs1970_57_patch_122,0.0594222,0.07249525,0.094524294,0.10138039,0.0001678466796875,11,light,True,False,False,False,0
train,ROIs1868_127_patch_79,0.10397811,0.119288564,0.11410157,0.5153621,0.090728759765625,5946,light,True,False,True,False,0
train,ROIs1970_83_patch_55,0.06325793,0.15939172,0.07054752,0.25152025,0.0,0,empty/not-detected,True,False,True,False,0
train,ROIs2017_69_patch_69,0.031040218,0.54367113,0.03853853,0.61742073,0.0,0,empty/not-detected,True,False,True,False,0
train,ROIs1970_83_patch_29,0.0669944,0.12496473,0.058419023,0.34641033,0.005584716796875,366,light,True,False,True,False,2
train,ROIs1970_57_patch_87,0.06602929,0.081677064,0.08878441,0.09987505,0.0,0,empty/not-detected,True,False,True,False,0
train,ROIs1970_112_patch_166,0.49337575,0.08451834,0.04592038,0.68934494,0.9978485107421875,65395,heavy,True,False,False,True,2
train,ROIs1970_57_patch_126,0.061219167,0.07233888,0.09146781,0.099009775,0.0003662109375,24,light,True,False,False,False,0
train,ROIs2017_115_patch_23,0.06838942,0.06227521,0.19059886,0.71441936,0.0,0,empty/not-detected,True,False,True,False,1
train,ROIs1970_57_patch_113,0.077877805,0.09235012,0.09691449,0.10819475,0.013397216796875,878,light,True,False,False,False,0
train,ROIs1970_83_patch_150,0.07623116,0.15165673,0.08294311,0.20801571,0.000213623046875,14,light,True,False,False,False,0
train,ROIs2017_130_patch_5,0.10710074,0.10969038,0.10229531,0.13054803,3.0517578125e-05,2,light,True,False,True,False,2
train,ROIs2017_115_patch_152,0.06988777,0.06590375,0.5121121,0.67325264,0.0045623779296875,299,light,True,False,False,True,1
train,ROIs1970_57_patch_47,0.077782355,0.10531012,0.08887976,0.10683724,0.00079345703125,52,light,True,False,False,False,0
train,ROIs1868_127_patch_234,0.11510091,0.50894654,0.12008238,0.16843027,0.02386474609375,1564,light,True,False,True,False,0
train,ROIs1868_127_patch_103,0.09486823,0.53514135,0.095575154,0.45942253,0.039276123046875,2574,light,True,False,True,False,0
train,ROIs2017_69_patch_223,0.036256894,0.561469,0.04127744,0.2610012,4.57763671875e-05,3,light,False,True,False,False,0
train,ROIs1970_83_patch_139,0.08615487,0.20607464,0.09377827,0.27486134,0.0,0,empty/not-detected,True,False,True,False,0
train,ROIs2017_130_patch_55,0.093412295,0.058341138,0.06518519,0.11966408,0.0050201416015625,329,light,True,False,True,False,1
train,ROIs1868_127_patch_123,0.10209568,0.4067275,0.10120838,0.4844758,0.056243896484375,3686,light,True,False,False,True,2
train,ROIs2017_69_patch_183,0.04237566,0.66539717,0.049582206,0.24982613,0.0,0,empty/not-detected,True,False,False,False,0
train,ROIs2017_115_patch_230,0.06504006,0.06467462,0.56461585,0.6256293,0.0,0,empty/not-detected,True,False,True,False,1
train,ROIs1970_112_patch_229,0.4717822,0.2950632,0.33029622,0.26560345,1.0,65536,heavy,False,True,False,True,3
train,ROIs2017_69_patch_104,0.03292026,0.5716368,0.036620084,0.4695782,0.000213623046875,14,light,False,True,False,False,0
train,ROIs2017_130_patch_128,0.10091159,0.087159984,0.101082474,0.15154362,0.0066375732421875,435,light,False,True,False,True,1
train,ROIs2017_69_patch_212,0.035334468,0.6446256,0.04113485,0.3609856,0.0,0,empty/not-detected,True,False,True,False,0
train,ROIs2017_130_patch_188,0.10215375,0.08407208,0.07682569,0.122857064,0.0102081298828125,669,light,True,False,True,False,2
train,ROIs1970_57_patch_200,0.05494223,0.069407284,0.08726716,0.09989466,0.0,0,empty/not-detected,True,False,True,False,0
train,ROIs1868_127_patch_124,0.08961029,0.49768716,0.086822495,0.45309332,0.0,0,empty/not-detected,True,False,True,False,2
train,ROIs2017_115_patch_180,0.058439434,0.05922239,0.09035061,0.7441181,0.0001983642578125,13,light,False,True,False,False,0
train,ROIs2017_130_patch_13,0.09385571,0.06810952,0.07080458,0.10656304,0.044708251953125,2930,light,False,True,False,True,1
train,ROIs2017_69_patch_207,0.039854664,0.6212492,0.047287397,0.5671117,0.0,0,empty/not-detected,True,False,True,False,0
train,ROIs2017_69_patch_142,0.03516704,0.5457348,0.041132316,0.5398932,0.0002288818359375,15,light,False,True,False,False,0
train,ROIs2017_69_patch_181,0.042837717,0.6693032,0.046738103,0.24172343,4.57763671875e-05,3,light,False,True,False,False,0
train,ROIs2017_130_patch_178,0.11652536,0.09061032,0.08936542,0.11429044,0.077362060546875,5070,light,True,False,False,True,2
train,ROIs1970_57_patch_209,0.055165876,0.06561364,0.10132657,0.09218939,0.0,0,empty/not-detected,True,False,True,False,0
train,ROIs1970_57_patch_68,0.05976539,0.07840038,0.07799237,0.097088054,0.0,0,empty/not-detected,True,False,False,False,0
train,ROIs2017_130_patch_198,0.09330058,0.07589622,0.07183298,0.09982585,0.033172607421875,2174,light,True,False,True,False,2
train,ROIs1970_83_patch_201,0.09517546,0.07711339,0.10066542,0.22670886,0.015472412109375,1014,light,True,False,False,True,1
train,ROIs1868_127_patch_25,0.094260216,0.32919914,0.10207926,0.5767284,0.0006866455078125,45,light,True,False,True,False,0
train,ROIs1868_127_patch_101,0.09584929,0.5114136,0.10228216,0.4351202,0.0025634765625,168,light,True,False,False,False,0
train,ROIs1868_127_patch_90,0.10928642,0.29098785,0.11936572,0.33063015,0.002685546875,176,light,True,False,True,False,0
train,ROIs1970_112_patch_189,0.26825526,0.05896914,0.20877334,0.79504484,0.79498291015625,52100,heavy,False,True,False,True,1
train,ROIs1970_112_patch_67,0.49632275,0.09583359,0.044069257,0.6281555,0.9521942138671875,62403,heavy,False,True,False,True,2
train,ROIs1868_127_patch_122,0.09798574,0.5089083,0.099364094,0.46534055,0.0748291015625,4904,light,True,False,True,False,0
train,ROIs1970_57_patch_40,0.07471716,0.09710849,0.08795063,0.10945296,0.0,0,empty/not-detected,True,False,True,False,0
train,ROIs1970_83_patch_34,0.062469214,0.16517323,0.06281381,0.2630732,0.000274658203125,18,light,False,True,False,False,0
train,ROIs1970_112_patch_263,0.6411746,0.28546214,0.11089956,0.37264445,1.0,65536,heavy,False,True,False,True,2
train,ROIs1970_112_patch_22,0.06336272,0.16611174,0.022289582,0.710626,0.070281982421875,4606,light,True,False,False,True,2
train,ROIs1970_112_patch_182,0.5437122,0.12600087,0.043583058,0.6305792,0.9985809326171875,65443,heavy,False,True,False,True,2
train,ROIs2017_130_patch_249,0.11058201,0.096010916,0.1030679,0.13420343,0.022857666015625,1498,light,False,True,False,True,1
train,ROIs2017_115_patch_103,0.10234353,0.07135931,0.09120149,0.7539069,0.07110595703125,4660,light,True,False,True,False,1
train,ROIs2017_115_patch_242,0.070298344,0.07208181,0.084313504,0.6716015,0.0009002685546875,59,light,True,False,True,False,0
train,ROIs2017_115_patch_198,0.055018477,0.05612344,0.3245835,0.6807054,0.0,0,empty/not-detected,True,False,True,False,0
train,ROIs1970_112_patch_251,0.46367744,0.12439476,0.09448016,0.3001433,0.9212188720703125,60373,heavy,False,True,False,True,2
train,ROIs2017_115_patch_56,0.061230693,0.06338486,0.07454471,0.72859,0.0009307861328125,61,light,True,False,False,False,0
train,ROIs2017_115_patch_110,0.07087147,0.06501918,0.08655253,0.7537566,0.000640869140625,42,light,True,False,True,False,1
train,ROIs1868_127_patch_96,0.09824991,0.16326073,0.10995473,0.41323695,0.0479736328125,3144,light,False,True,False,False,0
train,ROIs1868_127_patch_259,0.1079553,0.61074233,0.12154965,0.31161427,0.0003204345703125,21,light,True,False,True,False,0
train,ROIs2017_69_patch_10,0.030952642,0.6230677,0.037258036,0.58753616,0.0,0,empty/not-detected,True,False,True,False,0
train,ROIs1970_83_patch_213,0.081291534,0.12371781,0.099455975,0.3809477,0.0,0,empty/not-detected,True,False,True,False,0
train,ROIs2017_69_patch_253,0.040886723,0.67339987,0.04820005,0.3079524,0.0002288818359375,15,light,False,True,False,False,0
train,ROIs1970_112_patch_72,0.2841969,0.13431408,0.021881483,0.68345124,0.6867523193359375,45007,heavy,True,False,False,True,2
train,ROIs1970_112_patch_175,0.17068915,0.25389558,0.04472241,0.5771607,0.44775390625,29344,heavy,False,True,False,True,2
train,ROIs2017_130_patch_139,0.08934527,0.056094106,0.06586321,0.14393018,0.003021240234375,198,light,True,False,True,False,1
train,ROIs1868_127_patch_162,0.09587498,0.45548669,0.10705661,0.19621983,0.0041046142578125,269,light,True,False,True,False,0
train,ROIs1970_112_patch_112,0.11674346,0.1617789,0.044725593,0.73310083,0.299957275390625,19658,medium,False,True,False,True,2
train,ROIs2017_69_patch_259,0.040133554,0.736711,0.04234237,0.13017128,0.0,0,empty/not-detected,True,False,True,False,0
train,ROIs1970_57_patch_244,0.058393277,0.0677523,0.10191606,0.09959914,0.0,0,empty/not-detected,True,False,True,False,0
train,ROIs2017_130_patch_39,0.09374179,0.07563824,0.07122285,0.10886811,0.005096435546875,334,light,False,True,False,True,2
train,ROIs2017_130_patch_166,0.10311394,0.06600307,0.06423544,0.120161265,0.03759765625,2464,light,False,True,False,True,2
train,ROIs2017_115_patch_232,0.0638245,0.06336774,0.58557534,0.6188932,0.0,0,empty/not-detected,True,False,True,False,1
train,ROIs1970_112_patch_174,0.1192261,0.15266606,0.03851715,0.63260573,0.3125,20480,heavy,False,True,False,True,2
train,ROIs2017_115_patch_17,0.07024162,0.076868705,0.16287836,0.7815046,0.0082550048828125,541,light,True,False,True,False,0
train,ROIs2017_130_patch_82,0.08937207,0.071638495,0.08424299,0.16778563,0.000244140625,16,light,False,True,False,True,1
train,ROIs2017_115_patch_200,0.05276426,0.055477977,0.4739666,0.73769474,0.0,0,empty/not-detected,True,False,True,False,0
train,ROIs1970_83_patch_77,0.08138357,0.13065396,0.11019382,0.16635434,0.00140380859375,92,light,False,True,False,False,0
train,ROIs1868_127_patch_168,0.09231177,0.4588558,0.10520706,0.343491,0.0053253173828125,349,light,True,False,True,False,0
train,ROIs1868_127_patch_50,0.07440194,0.42295775,0.07747862,0.5499369,0.00042724609375,28,light,True,False,True,False,0
train,ROIs2017_69_patch_52,0.032301337,0.53117096,0.037895463,0.62360346,0.0,0,empty/not-detected,True,False,True,False,0
train,ROIs2017_130_patch_228,0.12445767,0.082288355,0.07765552,0.10756903,0.1767578125,11584,medium,True,False,False,True,2
train,ROIs2017_130_patch_245,0.1267454,0.083747186,0.07400432,0.09294261,0.3089752197265625,20249,heavy,True,False,False,True,2
train,ROIs1868_127_patch_98,0.100856096,0.16758539,0.10902907,0.47287714,0.198089599609375,12982,medium,False,True,False,False,0
train,ROIs2017_115_patch_162,0.066276535,0.06375858,0.101274885,0.7088025,0.0006866455078125,45,light,True,False,False,True,1
train,ROIs1970_57_patch_229,0.056293108,0.06519889,0.105877355,0.091010645,0.0,0,empty/not-detected,True,False,False,False,0
train,ROIs1970_57_patch_102,0.062079363,0.07617365,0.088241935,0.09005732,1.52587890625e-05,1,light,True,False,False,False,0
train,ROIs2017_115_patch_229,0.069039084,0.06802159,0.55258095,0.62762624,0.0005035400390625,33,light,True,False,True,False,1
train,ROIs1970_83_patch_93,0.08589782,0.13709104,0.09117345,0.29041716,0.000213623046875,14,light,True,False,True,False,0
train,ROIs1970_112_patch_163,0.49513054,0.15231006,0.023603294,0.6104828,0.996856689453125,65330,heavy,True,False,False,True,2
train,ROIs1970_112_patch_32,0.12922019,0.2996858,0.025842384,0.71409625,0.3019866943359375,19791,heavy,False,True,False,True,2
train,ROIs2017_115_patch_183,0.04743242,0.049003072,0.16221303,0.67449826,0.0,0,empty/not-detected,True,False,True,False,0
train,ROIs2017_115_patch_89,0.068918906,0.065922365,0.07820711,0.7107025,0.0003662109375,24,light,True,False,True,False,1
train,ROIs2017_69_patch_21,0.049830496,0.61895245,0.052731846,0.5034602,0.0,0,empty/not-detected,True,False,True,False,0
train,ROIs2017_115_patch_215,0.04774165,0.050930418,0.58498627,0.6988713,0.0,0,empty/not-detected,True,False,True,False,0
train,ROIs1868_127_patch_243,0.0977963,0.43950284,0.111528754,0.30842787,0.00616455078125,404,light,False,True,False,False,0
train,ROIs1970_83_patch_126,0.07586088,0.1447699,0.078235194,0.23708788,0.0027008056640625,177,light,True,False,True,False,0
train,ROIs2017_130_patch_73,0.09306599,0.06217189,0.06687693,0.11772027,0.0157928466796875,1035,light,True,False,False,True,1
train,ROIs2017_115_patch_81,0.069036804,0.06160516,0.09315911,0.69396996,0.0,0,empty/not-detected,True,False,True,False,1
train,ROIs1970_83_patch_82,0.10694046,0.11452478,0.09444102,0.29152212,0.142425537109375,9334,medium,False,True,False,True,2
train,ROIs1970_57_patch_100,0.07083073,0.09352337,0.087666556,0.113252565,0.0,0,empty/not-detected,True,False,False,False,0
train,ROIs2017_130_patch_176,0.115846775,0.08730455,0.0923562,0.133959,0.152923583984375,10022,medium,False,True,False,True,1
train,ROIs1868_127_patch_24,0.08946902,0.32000256,0.09693275,0.5695211,0.0,0,empty/not-detected,True,False,True,False,0
train,ROIs1970_57_patch_163,0.05625999,0.06777203,0.08716763,0.09108316,0.0111083984375,728,light,True,False,False,False,0
train,ROIs1970_83_patch_185,0.09000085,0.07591366,0.11250387,0.26032162,0.002655029296875,174,light,True,False,True,False,1
train,ROIs2017_115_patch_93,0.05747669,0.05939854,0.076406226,0.67671305,0.0014801025390625,97,light,True,False,True,False,0
train,ROIs1970_83_patch_140,0.089141265,0.21527526,0.09382359,0.2655754,0.000213623046875,14,light,True,False,False,False,0
train,ROIs2017_130_patch_154,0.09866826,0.08207684,0.08545874,0.14163768,0.00762939453125,500,light,False,True,False,True,1
train,ROIs1970_112_patch_170,0.3362518,0.10298603,0.049989402,0.6879827,0.7647247314453125,50117,heavy,False,True,False,True,2
train,ROIs2017_130_patch_147,0.09143415,0.07388819,0.08013908,0.14081028,0.00152587890625,100,light,True,False,True,False,1
train,ROIs2017_115_patch_57,0.07176358,0.06305437,0.591452,0.70959485,0.0,0,empty/not-detected,True,False,True,False,1
train,ROIs1970_83_patch_27,0.07037317,0.12556839,0.06925084,0.3267055,0.0167999267578125,1101,light,False,True,False,True,2
train,ROIs1970_83_patch_219,0.08657818,0.1168395,0.09506511,0.21941546,0.0013885498046875,91,light,True,False,False,False,0
train,ROIs1970_112_patch_40,0.15128662,0.13551098,0.021873498,0.69736767,0.30218505859375,19804,heavy,True,False,False,True,2
train,ROIs1970_112_patch_241,0.6030481,0.050066326,0.15093076,0.67821497,1.0,65536,heavy,True,False,False,True,1
train,ROIs1970_57_patch_43,0.066175796,0.08905022,0.080292724,0.114896,0.000152587890625,10,light,True,False,False,False,0
train,ROIs2017_130_patch_153,0.09399207,0.0685816,0.071643285,0.12601812,0.00048828125,32,light,True,False,True,False,1
train,ROIs1970_112_patch_188,0.38683406,0.07759303,0.14537314,0.755517,0.98980712890625,64868,heavy,False,True,False,True,1
train,ROIs1970_112_patch_4,0.034733046,0.102193445,0.022679815,0.66415405,0.0012664794921875,83,light,True,False,True,False,2
train,ROIs1868_127_patch_109,0.1159286,0.2147025,0.13251479,0.27628374,0.0453338623046875,2971,light,False,True,False,False,0
train,ROIs1970_83_patch_61,0.09853007,0.10085301,0.0982786,0.22118661,0.09942626953125,6516,light,True,False,False,True,2
train,ROIs1970_112_patch_252,0.37106243,0.06762622,0.03926925,0.3705156,0.7772369384765625,50937,heavy,False,True,False,True,2
train,ROIs1868_127_patch_11,0.08883604,0.21447797,0.09237604,0.56891906,0.01507568359375,988,light,False,True,False,False,0
train,ROIs1970_112_patch_192,0.39686158,0.09817197,0.04117976,0.70467365,0.9756622314453125,63941,heavy,False,True,False,True,2
train,ROIs2017_115_patch_156,0.061058857,0.059112616,0.09278044,0.70170856,3.0517578125e-05,2,light,True,False,True,False,1
train,ROIs1868_127_patch_232,0.09475927,0.4622345,0.10454614,0.5400072,0.001922607421875,126,light,True,False,True,False,0
train,ROIs1970_57_patch_93,0.051560987,0.06778223,0.08366856,0.09836667,0.0,0,empty/not-detected,True,False,False,False,0
train,ROIs2017_130_patch_202,0.09354041,0.06646296,0.06815019,0.10599573,0.005706787109375,374,light,True,False,True,False,1
train,ROIs2017_115_patch_161,0.05806378,0.056836575,0.076914966,0.71491593,0.0028533935546875,187,light,False,True,False,True,1
train,ROIs1970_83_patch_194,0.08054605,0.11050278,0.097073406,0.35425705,0.00054931640625,36,light,True,False,False,False,0
train,ROIs2017_69_patch_90,0.032301307,0.46505225,0.037355464,0.6312822,4.57763671875e-05,3,light,True,False,False,False,0
train,ROIs1970_112_patch_10,0.1637028,0.25519714,0.042333476,0.6453748,0.25927734375,16992,medium,False,True,False,True,2
train,ROIs1970_83_patch_80,0.11956533,0.11089581,0.10469705,0.29615438,0.2742767333984375,17975,medium,False,True,False,True,2
train,ROIs2017_115_patch_3,0.06652806,0.06554395,0.52207017,0.7142652,0.0,0,empty/not-detected,True,False,True,False,1
train,ROIs2017_69_patch_198,0.040297385,0.6583851,0.04769877,0.403236,0.0,0,empty/not-detected,True,False,True,False,0
train,ROIs1970_112_patch_54,0.35830295,0.096863955,0.021783806,0.68353134,0.911773681640625,59754,heavy,True,False,False,True,2
train,ROIs2017_130_patch_201,0.09538227,0.059981234,0.061085604,0.09132377,0.0626068115234375,4103,light,False,True,False,True,1
train,ROIs1868_127_patch_249,0.10147557,0.48190093,0.10984527,0.50616384,0.004364013671875,286,light,True,False,True,False,0
train,ROIs1868_127_patch_172,0.08380333,0.5177672,0.095378935,0.3343942,0.0001068115234375,7,light,True,False,True,False,0
train,ROIs1970_57_patch_156,0.06089335,0.07267586,0.09427769,0.097934306,0.0,0,empty/not-detected,True,False,True,False,0
train,ROIs2017_130_patch_140,0.0940219,0.062541835,0.066966176,0.11141728,0.007568359375,496,light,False,True,False,True,1
train,ROIs1970_83_patch_215,0.07657254,0.12049078,0.09243579,0.34915984,0.001922607421875,126,light,True,False,False,False,0
train,ROIs2017_130_patch_112,0.095200285,0.067282714,0.07098087,0.122552104,0.004547119140625,298,light,True,False,True,False,1
train,ROIs2017_115_patch_247,0.0770759,0.07575012,0.5980566,0.68752134,0.0002593994140625,17,light,True,False,True,False,1
train,ROIs1970_83_patch_115,0.080610186,0.1361237,0.099668615,0.2168477,0.0022430419921875,147,light,True,False,False,False,0
train,ROIs1970_83_patch_66,0.08550991,0.16324408,0.085888974,0.34657004,0.07635498046875,5004,light,False,True,False,False,0
train,ROIs1868_127_patch_88,0.07097082,0.53209823,0.07348543,0.38960972,0.0009918212890625,65,light,True,False,True,False,0
train,ROIs1868_127_patch_99,0.09293102,0.311944,0.09782945,0.41615778,0.059051513671875,3870,light,False,True,False,False,0
train,ROIs1970_112_patch_87,0.28489903,0.19254486,0.03413858,0.6383954,0.5923919677734375,38823,heavy,False,True,False,True,2
train,ROIs1970_112_patch_167,0.5660272,0.06529801,0.04673201,0.7286594,1.0,65536,heavy,False,True,False,True,2
train,ROIs1868_127_patch_80,0.09382271,0.1197472,0.105913445,0.50263786,0.06317138671875,4140,light,True,False,True,False,0
train,ROIs2017_115_patch_212,0.06950652,0.068626486,0.5701485,0.6451635,0.0,0,empty/not-detected,True,False,True,False,1
train,ROIs1970_57_patch_224,0.06849868,0.07891771,0.10623336,0.10025659,0.0,0,empty/not-detected,True,False,False,False,0
train,ROIs1868_127_patch_175,0.09182691,0.48298782,0.100698546,0.47394258,0.0083160400390625,545,light,False,True,False,False,0
train,ROIs1970_112_patch_125,0.5999658,0.23607792,0.15721075,0.5712235,0.9818878173828125,64349,heavy,False,True,False,True,2
train,ROIs2017_69_patch_81,0.03111633,0.6049212,0.035372842,0.27566457,0.000457763671875,30,light,True,False,False,False,0
train,ROIs1970_57_patch_159,0.054835837,0.066074096,0.08971854,0.093043305,0.0,0,empty/not-detected,True,False,False,False,0
train,ROIs2017_130_patch_118,0.09420019,0.079977304,0.08674828,0.118527375,0.0023040771484375,151,light,False,True,False,True,1
train,ROIs2017_69_patch_82,0.029813923,0.62322986,0.03358517,0.21876128,0.0001373291015625,9,light,True,False,False,False,0
train,ROIs1970_57_patch_133,0.05075058,0.06861092,0.08335997,0.11271538,0.0,0,empty/not-detected,True,False,False,False,0
train,ROIs1970_57_patch_83,0.072465435,0.08920918,0.086872675,0.11603732,0.000152587890625,10,light,True,False,True,False,0
train,ROIs2017_69_patch_62,0.031725653,0.61506623,0.036068708,0.33060935,0.0,0,empty/not-detected,True,False,True,False,0
train,ROIs2017_130_patch_114,0.09140009,0.07480997,0.08417319,0.122761875,0.0056610107421875,371,light,True,False,True,False,1
train,ROIs1970_83_patch_265,0.07562664,0.13340764,0.081060156,0.19047779,0.012542724609375,822,light,False,True,False,False,0
train,ROIs2017_69_patch_16,0.03478921,0.60101026,0.03994662,0.60660845,0.0,0,empty/not-detected,True,False,True,False,0
train,ROIs1970_57_patch_13,0.070916764,0.10220607,0.08308902,0.11351824,0.0,0,empty/not-detected,True,False,False,False,0
train,ROIs1970_83_patch_186,0.08151594,0.11153491,0.09857133,0.21219194,0.0016937255859375,111,light,False,True,False,False,0
train,ROIs1868_127_patch_218,0.09709705,0.47694215,0.10998718,0.17310338,0.0117950439453125,773,light,False,True,False,False,0
train,ROIs2017_115_patch_30,0.09725101,0.061181456,0.13045906,0.7317533,0.03521728515625,2308,light,True,False,True,False,1
train,ROIs1868_127_patch_185,0.10624161,0.23525055,0.12204093,0.361123,0.0710601806640625,4657,light,False,True,False,False,0
train,ROIs1868_127_patch_77,0.08799364,0.42739826,0.09555554,0.44348377,0.0013885498046875,91,light,True,False,True,False,0
train,ROIs1970_83_patch_105,0.09576708,0.1529288,0.091320984,0.26199514,0.0188751220703125,1237,light,True,False,False,True,2
train,ROIs1970_112_patch_101,0.057105936,0.11963938,0.03711908,0.7042792,0.0356903076171875,2339,light,False,True,False,True,2
train,ROIs1970_83_patch_109,0.08077357,0.14823869,0.08172095,0.26036367,0.002288818359375,150,light,False,True,False,False,0
train,ROIs2017_130_patch_25,0.113651544,0.124639615,0.11127869,0.121387765,0.017364501953125,1138,light,True,False,True,False,2
train,ROIs1868_127_patch_21,0.088608235,0.573354,0.09630317,0.5311371,1.52587890625e-05,1,light,True,False,True,False,0
train,ROIs2017_69_patch_247,0.047305744,0.6703689,0.06369177,0.2692811,0.000885009765625,58,light,False,True,False,False,0
train,ROIs1970_57_patch_55,0.0689003,0.087140985,0.0839401,0.109015405,6.103515625e-05,4,light,True,False,True,False,0
train,ROIs2017_69_patch_83,0.032526363,0.6285101,0.036547616,0.24007648,0.0,0,empty/not-detected,True,False,False,False,0
train,ROIs2017_130_patch_111,0.102212965,0.07829127,0.08425444,0.11930546,0.061187744140625,4010,light,True,False,False,True,1
train,ROIs1868_127_patch_152,0.091866545,0.41644683,0.10210151,0.38778657,0.0023040771484375,151,light,False,True,False,False,0
train,ROIs1970_112_patch_150,0.5253718,0.074295335,0.08430083,0.62817395,1.0,65536,heavy,True,False,False,True,1
train,ROIs1970_83_patch_123,0.093514696,0.14486536,0.09293129,0.25120914,0.023956298828125,1570,light,True,False,False,True,2
train,ROIs1868_127_patch_192,0.09917441,0.29591757,0.10409466,0.25084597,0.038818359375,2544,light,False,True,False,False,0
train,ROIs2017_69_patch_44,0.029875118,0.59276605,0.034532886,0.5263786,0.0,0,empty/not-detected,True,False,True,False,0
train,ROIs2017_130_patch_119,0.09829333,0.08952262,0.088467754,0.13354984,0.0158843994140625,1041,light,False,True,False,True,2
train,ROIs2017_69_patch_228,0.045704518,0.66768587,0.058313232,0.33311594,0.001129150390625,74,light,False,True,False,False,0
train,ROIs1970_57_patch_247,0.060166493,0.06728688,0.09880907,0.089224845,0.0003814697265625,25,light,True,False,False,False,0
train,ROIs1970_57_patch_27,0.06911383,0.09610046,0.081425935,0.11761896,0.0,0,empty/not-detected,True,False,False,False,0
train,ROIs1970_83_patch_56,0.05962354,0.23890692,0.06785421,0.24392384,0.0,0,empty/not-detected,True,False,True,False,0
train,ROIs1970_112_patch_171,0.16137424,0.07403606,0.1655267,0.70308626,0.4772186279296875,31275,heavy,False,True,False,True,1
train,ROIs1970_112_patch_260,0.6569941,0.059677426,0.09334797,0.5870694,1.0,65536,heavy,True,False,False,True,1
train,ROIs1970_112_patch_247,0.61852515,0.27639464,0.24783967,0.231641,1.0,65536,heavy,False,True,False,True,3
train,ROIs2017_130_patch_54,0.09278598,0.05624808,0.0567142,0.11903853,0.0276031494140625,1809,light,True,False,True,False,1
train,ROIs2017_130_patch_23,0.10618931,0.10291972,0.0979969,0.13787846,0.013275146484375,870,light,False,True,False,True,2
train,ROIs1970_112_patch_59,0.059480246,0.19597547,0.046214815,0.6637724,0.0627288818359375,4111,light,False,True,False,True,2
train,ROIs1970_112_patch_31,0.06628345,0.33582714,0.039979354,0.6502197,0.1243438720703125,8149,medium,False,True,False,True,2
train,ROIs2017_115_patch_250,0.06726162,0.066508524,0.6101613,0.6749222,0.0,0,empty/not-detected,True,False,True,False,1
train,ROIs1970_83_patch_81,0.106332004,0.106833085,0.09685538,0.29490048,0.1316375732421875,8627,medium,False,True,False,True,2
train,ROIs1970_112_patch_208,0.3361762,0.07176617,0.027185924,0.7105562,0.9580841064453125,62789,heavy,True,False,False,True,2
train,ROIs2017_130_patch_165,0.09391912,0.07094307,0.07573409,0.13700499,0.0149993896484375,983,light,False,True,False,True,1
train,ROIs1970_57_patch_136,0.058462672,0.07388883,0.08710736,0.094424315,0.0,0,empty/not-detected,True,False,False,False,0
train,ROIs2017_69_patch_209,0.038398013,0.65938413,0.045876924,0.5217972,0.0005645751953125,37,light,False,True,False,False,0
train,ROIs1970_112_patch_133,0.42654312,0.121412046,0.03088829,0.6673677,0.992584228515625,65050,heavy,False,True,False,True,2
train,ROIs1868_127_patch_74,0.09538636,0.6557693,0.099696875,0.32156175,0.0366058349609375,2399,light,True,False,False,False,0
train,ROIs1970_57_patch_107,0.067789204,0.081978284,0.09284202,0.09914833,0.0006103515625,40,light,True,False,True,False,0
train,ROIs1970_57_patch_188,0.06948169,0.08095663,0.10092104,0.09637402,0.0,0,empty/not-detected,True,False,False,False,0
train,ROIs1868_127_patch_230,0.093498394,0.49215227,0.09662746,0.45670536,0.0020751953125,136,light,True,False,True,False,0
train,ROIs1970_112_patch_249,0.54041344,0.074141964,0.37522537,0.22732335,0.999847412109375,65526,heavy,False,True,False,True,1
train,ROIs1868_127_patch_256,0.09747365,0.55366904,0.116071284,0.21236119,0.0033416748046875,219,light,True,False,True,False,0
train,ROIs1970_57_patch_197,0.050493017,0.059036862,0.08707708,0.08445029,0.0,0,empty/not-detected,True,False,False,False,0
train,ROIs1868_127_patch_235,0.11781088,0.499978,0.125781,0.11715658,0.2570953369140625,16849,medium,False,True,False,True,3
train,ROIs2017_69_patch_161,0.037695885,0.6214263,0.04439354,0.38574654,0.0003662109375,24,light,True,False,False,False,0
train,ROIs1868_127_patch_182,0.101059295,0.44858742,0.1137511,0.17950903,0.00439453125,288,light,False,True,False,False,0
train,ROIs1970_83_patch_63,0.1066531,0.11168636,0.09592039,0.2772096,0.11029052734375,7228,medium,False,True,False,True,2
train,ROIs1970_112_patch_234,0.47161657,0.053014494,0.03194383,0.4461012,0.9383544921875,61496,heavy,False,True,False,True,2
train,ROIs2017_115_patch_207,0.06483509,0.066722766,0.47537747,0.69582224,0.0,0,empty/not-detected,True,False,True,False,0
train,ROIs2017_115_patch_44,0.08246874,0.06758129,0.31742856,0.7153044,0.0051422119140625,337,light,True,False,True,False,1
train,ROIs2017_115_patch_149,0.058463965,0.058545742,0.08139439,0.73095495,0.0001068115234375,7,light,True,False,False,False,0
train,ROIs1970_112_patch_24,0.06331458,0.11861273,0.0975012,0.64359987,0.0194549560546875,1275,light,False,True,False,False,0
train,ROIs1970_57_patch_85,0.054020185,0.07077809,0.08208795,0.09589817,0.000823974609375,54,light,True,False,False,False,0
train,ROIs1970_83_patch_99,0.08728002,0.15019369,0.091614634,0.30011392,0.0078277587890625,513,light,False,True,False,False,0
train,ROIs1970_57_patch_219,0.060339794,0.07648654,0.090096064,0.10904832,0.0004119873046875,27,light,True,False,True,False,0
train,ROIs2017_130_patch_179,0.13185254,0.12227876,0.11880162,0.116261944,0.2557830810546875,16763,medium,True,False,False,True,3
train,ROIs1970_112_patch_60,0.096648484,0.18811554,0.048850313,0.67195296,0.171234130859375,11222,medium,False,True,False,True,2
train,ROIs2017_69_patch_76,0.03277356,0.58582604,0.033919808,0.35080227,0.0,0,empty/not-detected,True,False,True,False,0
train,ROIs1970_112_patch_235,0.6248659,0.061983306,0.051665846,0.53582454,1.0,65536,heavy,False,True,False,True,2
train,ROIs1970_83_patch_108,0.073314555,0.17947282,0.080652475,0.25389308,9.1552734375e-05,6,light,True,False,True,False,0
train,ROIs1970_83_patch_260,0.084035285,0.2103535,0.09451076,0.254723,0.0,0,empty/not-detected,True,False,True,False,0
train,ROIs2017_115_patch_158,0.06431778,0.06032294,0.08763161,0.7313429,0.0005035400390625,33,light,True,False,False,True,1
train,ROIs2017_130_patch_32,0.104781106,0.06718754,0.056835886,0.096431,0.1565093994140625,10257,medium,False,True,False,True,2
train,ROIs2017_69_patch_51,0.030438531,0.54567,0.037231814,0.6208588,0.0,0,empty/not-detected,True,False,True,False,0
train,ROIs1868_127_patch_136,0.104432896,0.3227843,0.11032191,0.46736902,0.045166015625,2960,light,False,True,False,False,0
train,ROIs2017_115_patch_195,0.061646912,0.06077337,0.15282059,0.6964858,7.62939453125e-05,5,light,True,False,True,False,1
train,ROIs2017_130_patch_215,0.12646885,0.098608576,0.09608143,0.12661694,0.1815338134765625,11897,medium,True,False,False,True,2
train,ROIs2017_130_patch_219,0.0842425,0.06454544,0.06953989,0.10344147,0.03900146484375,2556,light,True,False,False,True,1
train,ROIs1868_127_patch_59,0.09106833,0.27310765,0.09479793,0.5390014,0.0007476806640625,49,light,True,False,True,False,0
train,ROIs2017_115_patch_32,0.09267348,0.072670884,0.10161398,0.72727776,0.0593414306640625,3889,light,False,True,False,True,1
train,ROIs2017_69_patch_1,0.051270213,0.6193043,0.05440397,0.61202145,0.0,0,empty/not-detected,True,False,True,False,0
train,ROIs1868_127_patch_166,0.100288026,0.24181803,0.10703331,0.21600015,0.0579071044921875,3795,light,False,True,False,False,0
train,ROIs1970_57_patch_115,0.06339041,0.080423065,0.088426985,0.11236314,0.0,0,empty/not-detected,True,False,False,False,0
train,ROIs2017_130_patch_155,0.102925144,0.06362468,0.062285926,0.16776238,0.07366943359375,4828,light,False,True,False,True,2
train,ROIs2017_130_patch_175,0.104477264,0.08415801,0.08731279,0.18070802,0.0162506103515625,1065,light,True,False,True,False,1
train,ROIs1970_112_patch_104,0.16569194,0.17426816,0.039134353,0.59873116,0.3286285400390625,21537,heavy,False,True,False,True,2
train,ROIs1970_112_patch_226,0.53298235,0.113160275,0.030740649,0.65176153,0.99920654296875,65484,heavy,False,True,False,True,2
train,ROIs1970_112_patch_144,0.5551688,0.12887491,0.022027338,0.63982755,0.9999237060546875,65531,heavy,True,False,False,True,2
train,ROIs2017_115_patch_146,0.06892813,0.04653914,0.09531862,0.74067813,6.103515625e-05,4,light,True,False,True,False,1
train,ROIs1868_127_patch_154,0.10013472,0.39332202,0.10589143,0.38999423,0.0161895751953125,1061,light,True,False,True,False,0
train,ROIs1970_83_patch_65,0.097288065,0.15069576,0.0897489,0.34874952,0.1806793212890625,11841,medium,False,True,False,True,2
train,ROIs1970_112_patch_261,0.6585739,0.09599541,0.121693686,0.4913252,1.0,65536,heavy,False,True,False,True,1
train,ROIs2017_130_patch_100,0.09039762,0.07169885,0.081195176,0.1514799,0.002105712890625,138,light,False,True,False,True,1
train,ROIs2017_115_patch_265,0.07239187,0.07525604,0.1547056,0.65311116,0.0,0,empty/not-detected,True,False,True,False,0
train,ROIs2017_69_patch_27,0.031606823,0.60063946,0.035830006,0.53918433,0.0,0,empty/not-detected,True,False,True,False,0
train,ROIs2017_115_patch_204,0.07357426,0.071913026,0.1584211,0.69315904,0.00738525390625,484,light,True,False,False,True,1
train,ROIs1970_57_patch_129,0.057052884,0.07062482,0.082236245,0.094866134,0.013916015625,912,light,True,False,False,False,0
train,ROIs2017_130_patch_262,0.10577316,0.092681184,0.08369376,0.0870986,0.023284912109375,1526,light,True,False,False,True,2
train,ROIs2017_130_patch_43,0.104320526,0.103310384,0.103774175,0.13982154,0.0016632080078125,109,light,True,False,True,False,1
train,ROIs1868_127_patch_36,0.09744649,0.71532035,0.10174277,0.4601652,0.0167694091796875,1099,light,True,False,True,False,0
train,ROIs1868_127_patch_191,0.09525694,0.34971327,0.09927745,0.26479995,0.0399322509765625,2617,light,False,True,False,False,0
train,ROIs2017_69_patch_113,0.03882946,0.41060773,0.04859449,0.6319918,0.0,0,empty/not-detected,True,False,False,False,0
train,ROIs1868_127_patch_7,0.09511717,0.30202273,0.10154374,0.5514264,0.0017852783203125,117,light,True,False,True,False,0
train,ROIs2017_130_patch_133,0.10010602,0.06746705,0.06119081,0.096477814,0.111358642578125,7298,medium,True,False,False,True,2
train,ROIs1970_83_patch_7,0.06260517,0.12026015,0.05699844,0.30353257,0.0009765625,64,light,True,False,True,False,2
train,ROIs1970_112_patch_55,0.3784269,0.12096654,0.021486703,0.69144785,0.9109954833984375,59703,heavy,True,False,False,True,2
train,ROIs1970_83_patch_162,0.09141515,0.14168553,0.09247686,0.22109984,0.0309295654296875,2027,light,True,False,False,False,0
train,ROIs1868_127_patch_208,0.088622026,0.4160685,0.09765514,0.3557076,0.0075225830078125,493,light,False,True,False,False,0
train,ROIs1868_127_patch_228,0.09247864,0.53392047,0.10231424,0.39171204,0.0007171630859375,47,light,True,False,True,False,0
train,ROIs2017_115_patch_121,0.07636531,0.063660786,0.08929049,0.6845222,1.52587890625e-05,1,light,True,False,True,False,1
train,ROIs1970_83_patch_155,0.0855635,0.12703924,0.10406172,0.32200503,0.000244140625,16,light,True,False,False,False,0
train,ROIs2017_115_patch_238,0.06605129,0.066840485,0.0882905,0.72028846,0.0,0,empty/not-detected,True,False,True,False,0
train,ROIs1868_127_patch_155,0.09315309,0.60861665,0.10229175,0.4293238,0.003570556640625,234,light,True,False,True,False,0
train,ROIs1970_83_patch_153,0.07965662,0.118372485,0.10044085,0.3542004,0.0173492431640625,1137,light,False,True,False,False,0
train,ROIs1868_127_patch_133,0.090305075,0.35169408,0.10037211,0.37378654,0.0172119140625,1128,light,False,True,False,False,0
train,ROIs1970_83_patch_125,0.08043289,0.13733794,0.0801224,0.2271721,0.014434814453125,946,light,True,False,False,True,2
train,ROIs1970_112_patch_172,0.1585561,0.07818281,0.1091267,0.73089546,0.539093017578125,35330,heavy,False,True,False,True,1
train,ROIs1868_127_patch_225,0.0993637,0.53064567,0.10996024,0.37882203,0.004638671875,304,light,False,True,False,False,0
train,ROIs1970_57_patch_71,0.06778602,0.08453706,0.08621426,0.10340253,7.62939453125e-05,5,light,True,False,False,False,0
train,ROIs2017_130_patch_268,0.117539175,0.110718355,0.110877044,0.13558608,0.0434722900390625,2849,light,True,False,False,True,1
train,ROIs1970_83_patch_1,0.088316694,0.28045464,0.09088798,0.18496415,0.0214996337890625,1409,light,True,False,False,False,0
train,ROIs1970_57_patch_127,0.056072198,0.06796699,0.08331743,0.09433754,0.000335693359375,22,light,True,False,False,False,0
train,ROIs2017_69_patch_17,0.032351032,0.6163024,0.03712491,0.6041291,0.0,0,empty/not-detected,True,False,True,False,0
train,ROIs2017_115_patch_224,0.06788167,0.068024084,0.08665945,0.7252568,0.0002288818359375,15,light,True,False,True,False,0
train,ROIs2017_130_patch_244,0.11234364,0.092857614,0.086736254,0.104636356,0.0829925537109375,5439,light,True,False,True,False,2
train,ROIs2017_130_patch_246,0.11928212,0.105876654,0.08912741,0.10230517,0.121826171875,7984,medium,True,False,False,True,2
train,ROIs1970_112_patch_257,0.64564776,0.061731417,0.11628947,0.6368809,1.0,65536,heavy,True,False,False,True,1
train,ROIs2017_130_patch_62,0.09915759,0.09031978,0.09013203,0.15038651,0.0078125,512,light,False,True,False,True,2
train,ROIs2017_115_patch_274,0.07231789,0.07300124,0.09392166,0.6244649,0.0004425048828125,29,light,True,False,True,False,0
train,ROIs1970_57_patch_149,0.06103948,0.07686925,0.088133335,0.10734144,0.00042724609375,28,light,True,False,False,False,0
train,ROIs1970_83_patch_135,0.07794079,0.116627365,0.10793967,0.23642412,0.0001678466796875,11,light,True,False,False,False,0
train,ROIs1970_83_patch_75,0.06572207,0.18077908,0.07207714,0.29086125,0.0,0,empty/not-detected,True,False,True,False,0
train,ROIs1970_83_patch_130,0.07636907,0.09446498,0.09838224,0.27914202,0.003082275390625,202,light,True,False,False,False,0
train,ROIs1868_127_patch_56,0.09227136,0.646927,0.09902653,0.47450268,0.0082244873046875,539,light,True,False,True,False,0
train,ROIs2017_130_patch_37,0.086794235,0.05358792,0.048477855,0.10683228,0.0006866455078125,45,light,True,False,True,False,2
train,ROIs1868_127_patch_100,0.10984095,0.4163068,0.111725226,0.38092017,0.036773681640625,2410,light,False,True,False,False,0
train,ROIs1868_127_patch_189,0.09113744,0.29648724,0.10264469,0.4027037,0.0111083984375,728,light,False,True,False,False,0
train,ROIs1970_83_patch_273,0.09082182,0.13401668,0.104197174,0.34292507,0.0,0,empty/not-detected,True,False,True,False,0
train,ROIs2017_69_patch_102,0.03392051,0.58043844,0.036697768,0.21348406,0.0007171630859375,47,light,False,True,False,False,0
train,ROIs1970_112_patch_52,0.47802216,0.30869177,0.05276011,0.69904745,0.90374755859375,59228,heavy,True,False,False,True,2
train,ROIs1970_112_patch_253,0.67597026,0.06073962,0.042067114,0.57433856,1.0,65536,heavy,False,True,False,True,2
train,ROIs1868_127_patch_247,0.105893195,0.49348253,0.11607754,0.43469197,0.0177001953125,1160,light,True,False,True,False,0
train,ROIs1970_83_patch_176,0.08470562,0.124982715,0.09193269,0.38138026,0.0011444091796875,75,light,False,True,False,False,0
train,ROIs2017_130_patch_80,0.099418595,0.090031326,0.09113008,0.1450818,0.001983642578125,130,light,False,True,False,True,1
train,ROIs1868_127_patch_55,0.09873602,0.65004313,0.104351975,0.40799496,0.014862060546875,974,light,True,False,True,False,0
train,ROIs1970_57_patch_39,0.063795775,0.08205639,0.0797889,0.10934439,0.0006866455078125,45,light,True,False,True,False,0
train,ROIs2017_130_patch_9,0.109391116,0.11823334,0.11335888,0.12629113,0.0221405029296875,1451,light,False,True,False,False,0
train,ROIs2017_130_patch_206,0.102981605,0.07662527,0.07250569,0.11806364,0.0138702392578125,909,light,False,True,False,True,2
train,ROIs2017_130_patch_156,0.11207717,0.069071,0.064970225,0.21564943,0.1494903564453125,9797,medium,True,False,True,False,2
train,ROIs1970_83_patch_95,0.074021846,0.144467,0.105186,0.2593294,0.0,0,empty/not-detected,True,False,True,False,0
train,ROIs1970_57_patch_245,0.058114566,0.06676444,0.103530504,0.09304645,0.0,0,empty/not-detected,True,False,False,False,0
train,ROIs1868_127_patch_58,0.0885341,0.39069864,0.09532203,0.50765043,6.103515625e-05,4,light,True,False,True,False,0
train,ROIs1970_57_patch_131,0.06650315,0.08195276,0.09314421,0.10586919,0.0027618408203125,181,light,True,False,False,False,0
train,ROIs2017_130_patch_243,0.09872847,0.07476188,0.07372019,0.10306926,0.0247955322265625,1625,light,False,True,False,True,2
train,ROIs2017_115_patch_88,0.07648606,0.07254215,0.090039894,0.71561545,0.002197265625,144,light,True,False,True,False,1
train,ROIs2017_69_patch_107,0.03401855,0.50659937,0.038976472,0.64951915,0.0,0,empty/not-detected,True,False,True,False,0
train,ROIs1970_83_patch_104,0.09859172,0.14434654,0.09243136,0.28050217,0.0247955322265625,1625,light,True,False,False,True,2
train,ROIs1970_112_patch_29,0.17947935,0.16677354,0.043318976,0.63509053,0.4503021240234375,29511,heavy,False,True,False,True,2
train,ROIs1970_57_patch_238,0.065839335,0.077717364,0.09361265,0.090209335,0.0,0,empty/not-detected,True,False,False,False,0
train,ROIs2017_130_patch_177,0.10329282,0.07445045,0.074517936,0.11518361,0.0359954833984375,2359,light,True,False,False,True,1
train,ROIs1970_57_patch_221,0.06836174,0.079318315,0.0970756,0.09631689,0.0,0,empty/not-detected,True,False,False,False,0
train,ROIs1970_57_patch_26,0.06733855,0.09718215,0.081101164,0.11980382,0.0,0,empty/not-detected,True,False,False,False,0
train,ROIs1868_127_patch_46,0.1073731,0.11247471,0.111944556,0.5324547,0.1651153564453125,10821,medium,False,True,False,False,0
train,ROIs2017_69_patch_73,0.035269268,0.5263399,0.040134195,0.5888257,0.0,0,empty/not-detected,True,False,True,False,0
train,ROIs2017_69_patch_84,0.03502399,0.6086988,0.039840534,0.3560603,0.0001678466796875,11,light,False,True,False,False,0
train,ROIs1970_112_patch_81,0.07179135,0.113049425,0.08045348,0.6567501,0.1183624267578125,7757,medium,False,True,False,False,0
train,ROIs2017_130_patch_27,0.11123055,0.098807015,0.09607153,0.13552305,0.04046630859375,2652,light,False,True,False,True,2
train,ROIs1970_57_patch_111,0.050934866,0.065401144,0.08001084,0.09394309,0.0011749267578125,77,light,True,False,False,False,0
train,ROIs2017_69_patch_129,0.035567846,0.47255507,0.043574743,0.6370753,3.0517578125e-05,2,light,False,True,False,False,0
train,ROIs1970_83_patch_16,0.06530505,0.20917973,0.061880857,0.194971,0.003021240234375,198,light,False,True,False,True,2
train,ROIs1970_112_patch_179,0.28510442,0.09138496,0.5543891,0.5454875,0.8911285400390625,58401,heavy,True,False,False,True,1
train,ROIs1970_83_patch_127,0.075056225,0.14274432,0.08613651,0.24141493,0.0,0,empty/not-detected,True,False,True,False,0
train,ROIs1868_127_patch_261,0.102156974,0.43780354,0.11214376,0.23184323,0.05230712890625,3428,light,False,True,False,False,0
train,ROIs1970_83_patch_241,0.087007046,0.21972449,0.10279824,0.22525428,0.0,0,empty/not-detected,True,False,True,False,0
train,ROIs1970_57_patch_154,0.069630794,0.08254385,0.09502706,0.09666113,0.0,0,empty/not-detected,True,False,False,False,0
train,ROIs1868_127_patch_127,0.1149164,0.12774469,0.13101433,0.26498383,0.082427978515625,5402,light,False,True,False,False,0
train,ROIs2017_115_patch_34,0.054129347,0.072575256,0.29387975,0.7285133,3.0517578125e-05,2,light,True,False,True,False,0
train,ROIs1970_57_patch_167,0.05859628,0.07502352,0.08557278,0.1141534,0.0,0,empty/not-detected,True,False,False,False,0
train,ROIs2017_130_patch_122,0.09685934,0.07913694,0.08239292,0.11618198,0.0073394775390625,481,light,False,True,False,True,1
train,ROIs2017_69_patch_217,0.040961653,0.681926,0.049784847,0.25970104,0.0,0,empty/not-detected,True,False,True,False,0
train,ROIs2017_69_patch_167,0.043659706,0.5587441,0.0482752,0.5298924,0.0,0,empty/not-detected,False,True,False,False,0
train,ROIs1970_83_patch_78,0.098742805,0.12829141,0.10316667,0.14883092,0.05426025390625,3556,light,False,True,False,False,0
train,ROIs1868_127_patch_174,0.09172605,0.4512764,0.09923034,0.4022815,0.0016021728515625,105,light,False,True,False,False,0
train,ROIs2017_69_patch_230,0.045775414,0.68375975,0.053181525,0.41541192,9.1552734375e-05,6,light,False,True,False,False,0
train,ROIs2017_69_patch_75,0.03645515,0.5066742,0.04086151,0.589937,0.0,0,empty/not-detected,True,False,True,False,0
train,ROIs1970_57_patch_223,0.06391619,0.07477094,0.101384595,0.09684366,0.0,0,empty/not-detected,True,False,False,False,0
train,ROIs1868_127_patch_164,0.09755757,0.24776644,0.11175017,0.19648322,0.0268096923828125,1757,light,False,True,False,False,0
train,ROIs2017_130_patch_267,0.12403341,0.12428101,0.118998535,0.13944007,0.0489501953125,3208,light,True,False,False,True,2
train,ROIs1970_112_patch_75,0.08050576,0.1637463,0.023623202,0.60669637,0.0949554443359375,6223,light,True,False,False,True,2
train,ROIs1970_112_patch_269,0.49905777,0.065933496,0.28515267,0.5106034,0.999755859375,65520,heavy,True,False,False,True,1
train,ROIs2017_115_patch_61,0.068210155,0.062407784,0.10242331,0.6966634,0.0,0,empty/not-detected,True,False,True,False,1
train,ROIs1970_83_patch_10,0.066736616,0.113381356,0.061040133,0.31982642,0.0023651123046875,155,light,True,False,True,False,2
train,ROIs1970_83_patch_124,0.089726575,0.13659444,0.08935919,0.23901686,0.022674560546875,1486,light,True,False,False,True,2
train,ROIs1970_83_patch_116,0.07841636,0.13033974,0.0976034,0.1966947,0.0017242431640625,113,light,False,True,False,False,0
train,ROIs1868_127_patch_184,0.0995832,0.33528852,0.10961224,0.3083307,0.014984130859375,982,light,False,True,False,False,0
train,ROIs1970_57_patch_8,0.07593778,0.11136233,0.08873903,0.1178921,0.0,0,empty/not-detected,True,False,False,False,0
train,ROIs2017_130_patch_57,0.09416136,0.061696284,0.06297477,0.1001029,0.007171630859375,470,light,True,False,True,False,1
train,ROIs2017_130_patch_260,0.077766664,0.08356567,0.0691481,0.096851,0.013092041015625,858,light,False,True,False,True,2
train,ROIs2017_115_patch_75,0.054686267,0.06686771,0.08340448,0.73541427,0.0,0,empty/not-detected,True,False,True,False,0
train,ROIs1970_112_patch_129,0.47459143,0.105579406,0.03914567,0.7438781,0.999603271484375,65510,heavy,False,True,False,True,2
train,ROIs2017_69_patch_160,0.038954478,0.6240774,0.046364576,0.35386327,0.000335693359375,22,light,False,True,False,False,0
train,ROIs2017_69_patch_210,0.03696249,0.64457715,0.04795052,0.45136568,0.0,0,empty/not-detected,True,False,True,False,0
train,ROIs2017_69_patch_254,0.03934515,0.65649897,0.046455972,0.19228226,0.0,0,empty/not-detected,True,False,True,False,0
train,ROIs2017_130_patch_200,0.104993664,0.077338204,0.068996444,0.09947786,0.142547607421875,9342,medium,False,True,False,True,2
train,ROIs1868_127_patch_45,0.112514555,0.1548864,0.114188366,0.51210487,0.130126953125,8528,medium,False,True,False,False,0
train,ROIs1970_57_patch_63,0.07876149,0.10118362,0.08884669,0.10692735,0.0,0,empty/not-detected,True,False,False,False,0
train,ROIs2017_130_patch_79,0.0982491,0.0813586,0.07301587,0.11439096,0.0247650146484375,1623,light,True,False,False,True,2
train,ROIs2017_130_patch_152,0.09685182,0.075254366,0.078835756,0.1250284,0.0066070556640625,433,light,False,True,False,True,1
train,ROIs2017_69_patch_188,0.040135507,0.64743143,0.045795657,0.53986037,0.0,0,empty/not-detected,True,False,True,False,0
train,ROIs2017_115_patch_166,0.059138868,0.06432681,0.4483469,0.70992315,0.000152587890625,10,light,True,False,True,False,0
train,ROIs1970_112_patch_207,0.34133998,0.088352405,0.054647222,0.71097475,0.9667816162109375,63359,heavy,False,True,False,True,2
train,ROIs1868_127_patch_64,0.100481436,0.14502785,0.10694519,0.51439315,0.0821380615234375,5383,light,False,True,False,False,0
train,ROIs2017_115_patch_84,0.08050847,0.07326612,0.08728239,0.73388183,0.0040283203125,264,light,True,False,True,False,1
train,ROIs2017_130_patch_46,0.09795775,0.09073822,0.088307284,0.1593869,0.00494384765625,324,light,True,False,True,False,2
train,ROIs1970_57_patch_241,0.0669619,0.07796977,0.0988612,0.09687184,0.0,0,empty/not-detected,True,False,True,False,0
train,ROIs1868_127_patch_8,0.10087891,0.20767844,0.1041028,0.5234976,0.0251007080078125,1645,light,True,False,False,False,0
train,ROIs2017_69_patch_0,0.051959164,0.6340808,0.056415573,0.62753654,0.0,0,empty/not-detected,True,False,True,False,0
train,ROIs2017_130_patch_218,0.094813466,0.06568568,0.058300786,0.084713235,0.0174407958984375,1143,light,False,True,False,True,2
train,ROIs2017_115_patch_120,0.06521748,0.066424206,0.083898954,0.7160571,0.0,0,empty/not-detected,True,False,True,False,0
train,ROIs1868_127_patch_241,0.10159691,0.51461476,0.11171439,0.34389377,0.0188140869140625,1233,light,False,True,False,False,0
train,ROIs1868_127_patch_151,0.09295028,0.28203282,0.10315907,0.40911725,0.0017547607421875,115,light,True,False,True,False,0
train,ROIs1868_127_patch_177,0.09398632,0.43197832,0.09927557,0.42932186,0.000762939453125,50,light,True,False,True,False,0
train,ROIs1970_112_patch_63,0.29733133,0.05943332,0.06075965,0.6937336,0.5955963134765625,39033,heavy,False,True,False,True,1
train,ROIs1970_57_patch_89,0.07012504,0.08496004,0.089244366,0.10620006,0.000762939453125,50,light,True,False,False,False,0
train,ROIs2017_130_patch_88,0.12316417,0.12308215,0.10295311,0.103207774,0.134979248046875,8846,medium,False,True,False,True,2
train,ROIs1970_112_patch_23,0.050655484,0.18346722,0.02359809,0.6930889,0.0164337158203125,1077,light,True,False,False,True,2
train,ROIs2017_69_patch_125,0.040376477,0.5149665,0.045681834,0.6380491,0.000518798828125,34,light,True,False,False,False,0
train,ROIs1970_57_patch_96,0.07010193,0.08727211,0.089723215,0.10104638,0.0001373291015625,9,light,True,False,False,False,0
train,ROIs2017_115_patch_159,0.058884904,0.05810505,0.072437614,0.72653896,0.000213623046875,14,light,True,False,True,False,1
train,ROIs2017_115_patch_35,0.06176305,0.0725418,0.22798401,0.7156383,0.0,0,empty/not-detected,True,False,True,False,0
train,ROIs1970_57_patch_187,0.067155026,0.07974925,0.09908411,0.0967778,3.0517578125e-05,2,light,True,False,False,False,0
train,ROIs1970_112_patch_3,0.21745834,0.11067742,0.021533245,0.6518963,0.508453369140625,33322,heavy,True,False,False,True,2
train,ROIs2017_130_patch_29,0.10327836,0.09848493,0.094412796,0.12011673,0.0101776123046875,667,light,False,True,False,True,2
train,ROIs2017_115_patch_186,0.06447618,0.0663241,0.52715605,0.72451437,6.103515625e-05,4,light,True,False,True,False,0
train,ROIs2017_115_patch_104,0.09286021,0.07109083,0.093393594,0.7546617,0.00555419921875,364,light,True,False,True,False,1
train,ROIs2017_130_patch_254,0.083001316,0.058525357,0.06709748,0.0936834,0.0283355712890625,1857,light,True,False,True,False,1
train,ROIs2017_69_patch_108,0.03313759,0.51384735,0.038199,0.65668297,1.52587890625e-05,1,light,True,False,True,False,0
train,ROIs1970_112_patch_43,0.26127476,0.07446639,0.037250888,0.6714982,0.5717926025390625,37473,heavy,False,True,False,True,2
train,ROIs2017_69_patch_269,0.05571869,0.660215,0.05598923,0.32752058,0.0008087158203125,53,light,False,True,False,False,0
train,ROIs1970_83_patch_187,0.08643522,0.08878741,0.10608679,0.19737723,0.0264739990234375,1735,light,True,False,True,False,0
train,ROIs2017_130_patch_2,0.10320635,0.056028582,0.04964239,0.09092688,0.101593017578125,6658,medium,True,False,False,True,2
train,ROIs1868_127_patch_153,0.09381831,0.431697,0.10019831,0.38733846,0.0053558349609375,351,light,True,False,False,False,0
train,ROIs1970_57_patch_24,0.07895078,0.11007995,0.09078061,0.115824945,0.0,0,empty/not-detected,True,False,False,False,0
train,ROIs2017_69_patch_171,0.035844695,0.61310166,0.046928033,0.14742844,0.0,0,empty/not-detected,True,False,True,False,0
train,ROIs1970_112_patch_61,0.120828934,0.13766596,0.042434208,0.67071295,0.258056640625,16912,medium,False,True,False,True,2
train,ROIs2017_69_patch_227,0.04018203,0.5540638,0.046209056,0.47875005,0.0,0,empty/not-detected,True,False,True,False,0
train,ROIs2017_69_patch_213,0.036621306,0.65978,0.043462258,0.40471447,0.0,0,empty/not-detected,True,False,True,False,0
train,ROIs1970_57_patch_66,0.06960284,0.088678986,0.084555656,0.11473692,0.0049591064453125,325,light,True,False,False,False,0
train,ROIs2017_115_patch_184,0.06338887,0.062551424,0.51136935,0.6621064,0.0,0,empty/not-detected,True,False,True,False,1
train,ROIs1868_127_patch_57,0.092443004,0.5434521,0.100958474,0.49845028,0.0007781982421875,51,light,True,False,True,False,0
train,ROIs1868_127_patch_97,0.09969034,0.11191602,0.11459382,0.46726394,0.114410400390625,7498,medium,False,True,False,False,0
train,ROIs2017_69_patch_139,0.037626535,0.59987324,0.040102385,0.39066452,0.0005340576171875,35,light,False,True,False,False,0
train,ROIs2017_69_patch_179,0.03910795,0.6424741,0.04492577,0.3003739,0.0,0,empty/not-detected,True,False,True,False,0
train,ROIs2017_115_patch_6,0.06939533,0.06519736,0.46449685,0.7182393,0.00018310546875,12,light,True,False,True,False,1
train,ROIs1970_83_patch_234,0.080332614,0.12991689,0.09936839,0.34640536,0.0016021728515625,105,light,True,False,False,False,0
train,ROIs1970_112_patch_123,0.1634717,0.28928292,0.05194833,0.69817746,0.3751678466796875,24587,heavy,False,True,False,True,2
train,ROIs2017_130_patch_123,0.09617647,0.07934811,0.08175298,0.115336575,0.0081787109375,536,light,False,True,False,True,1
train,ROIs1868_127_patch_85,0.09072571,0.51865494,0.087952994,0.4636194,0.0002288818359375,15,light,True,False,True,False,2
train,ROIs2017_130_patch_144,0.09499716,0.073955104,0.08029049,0.15859617,0.0002288818359375,15,light,True,False,True,False,1
train,ROIs2017_130_patch_185,0.08729414,0.055116866,0.058773722,0.10733545,0.0134124755859375,879,light,False,True,False,True,1
train,ROIs1970_57_patch_185,0.0707225,0.086961925,0.091524675,0.11708891,0.000762939453125,50,light,True,False,False,False,0
train,ROIs2017_69_patch_3,0.055587772,0.6282761,0.058064803,0.62573385,0.0,0,empty/not-detected,True,False,True,False,0
train,ROIs2017_69_patch_211,0.04080428,0.6561652,0.048076075,0.34836996,0.0,0,empty/not-detected,True,False,True,False,0
train,ROIs2017_115_patch_262,0.079830006,0.08151263,0.08749556,0.680978,0.0,0,empty/not-detected,True,False,True,False,0
train,ROIs2017_69_patch_93,0.0422462,0.4828294,0.04543608,0.6065674,0.0001373291015625,9,light,True,False,False,False,0
train,ROIs1970_83_patch_198,0.10180881,0.06883665,0.110016584,0.28038374,0.0549468994140625,3601,light,True,False,False,True,1
train,ROIs1970_112_patch_151,0.43246287,0.09563272,0.096627235,0.70018,0.9980010986328125,65405,heavy,True,False,False,True,1
train,ROIs2017_69_patch_146,0.03831759,0.5180911,0.044004314,0.61523294,0.0,0,empty/not-detected,True,False,True,False,0
train,ROIs1970_57_patch_141,0.06709505,0.078618616,0.09671387,0.093549214,0.0,0,empty/not-detected,True,False,False,False,0
train,ROIs1970_112_patch_203,0.62185234,0.065371,0.06498467,0.78664345,1.0,65536,heavy,True,False,False,True,2
train,ROIs2017_130_patch_239,0.081380755,0.056436587,0.07958957,0.10526641,0.0381317138671875,2499,light,True,False,False,True,1
train,ROIs1970_112_patch_94,0.034666527,0.23775302,0.048018377,0.7124036,0.0002899169921875,19,light,True,False,True,False,0
train,ROIs2017_130_patch_248,0.10924024,0.09534835,0.09686687,0.12514906,0.0271148681640625,1777,light,True,False,False,True,1
train,ROIs1970_57_patch_139,0.059177514,0.07161136,0.09296727,0.09761868,0.0,0,empty/not-detected,True,False,False,False,0
train,ROIs1970_57_patch_240,0.05472496,0.06665179,0.10031299,0.09720543,0.0003662109375,24,light,True,False,False,False,0
train,ROIs2017_69_patch_250,0.048310727,0.67939484,0.056404993,0.23418082,6.103515625e-05,4,light,True,False,True,False,0
train,ROIs1970_57_patch_41,0.07577737,0.09819606,0.08915128,0.11175871,0.0,0,empty/not-detected,True,False,False,False,0
train,ROIs2017_115_patch_50,0.0847774,0.07625235,0.09657131,0.7268786,0.0163726806640625,1073,light,True,False,True,False,1
train,ROIs1868_127_patch_116,0.08931228,0.36488712,0.09312613,0.45652026,0.019134521484375,1254,light,False,True,False,False,0
train,ROIs1970_83_patch_28,0.06220118,0.13563786,0.060262457,0.3353321,0.0001983642578125,13,light,True,False,True,False,2
train,ROIs1970_112_patch_85,0.32282716,0.07969099,0.032059096,0.6857182,0.7903289794921875,51795,heavy,False,True,False,True,2
train,ROIs1970_57_patch_196,0.04953231,0.05913724,0.08823921,0.090825304,0.0,0,empty/not-detected,True,False,False,False,0
train,ROIs1868_127_patch_75,0.09563645,0.5673643,0.10139382,0.34343588,0.0132904052734375,871,light,True,False,False,False,0
train,ROIs1970_112_patch_128,0.5183098,0.12786436,0.022796463,0.6536787,1.0,65536,heavy,True,False,False,True,2
train,ROIs1970_57_patch_17,0.058690358,0.08591456,0.07486738,0.10844333,0.0,0,empty/not-detected,True,False,False,False,0
train,ROIs2017_69_patch_105,0.036457904,0.5521306,0.040858023,0.58762866,0.000244140625,16,light,True,False,False,False,0
train,ROIs2017_130_patch_150,0.105829984,0.06675851,0.056574464,0.108520314,0.168670654296875,11054,medium,True,False,False,True,2
train,ROIs2017_130_patch_231,0.1142016,0.10549893,0.10933594,0.14169452,0.010589599609375,694,light,False,True,False,True,1
train,ROIs2017_115_patch_170,0.050179016,0.059264287,0.22937146,0.7147588,0.0,0,empty/not-detected,True,False,True,False,0
train,ROIs1970_57_patch_101,0.060995087,0.0809809,0.08034177,0.119468845,0.0005950927734375,39,light,True,False,True,False,0
train,ROIs2017_69_patch_48,0.030993722,0.6137951,0.03787533,0.54368746,0.0,0,empty/not-detected,True,False,True,False,0
train,ROIs1868_127_patch_198,0.09451038,0.56386185,0.10300336,0.18106936,0.0252838134765625,1657,light,True,False,True,False,0
train,ROIs2017_115_patch_283,0.074714854,0.07572161,0.08379931,0.6701231,0.0,0,empty/not-detected,True,False,True,False,0
train,ROIs1970_57_patch_49,0.053981215,0.07487661,0.073209174,0.11191876,0.0,0,empty/not-detected,True,False,True,False,0
train,ROIs2017_115_patch_143,0.06863433,0.060401183,0.085612215,0.7178732,0.0004119873046875,27,light,True,False,False,True,1
train,ROIs2017_115_patch_129,0.062370937,0.05719229,0.08190301,0.7512167,0.0007476806640625,49,light,True,False,True,False,1
train,ROIs1970_112_patch_147,0.4795087,0.11288087,0.044004034,0.712068,0.9974212646484375,65367,heavy,False,True,False,True,2
train,ROIs1868_127_patch_209,0.09167026,0.5518814,0.09548961,0.28172594,0.003082275390625,202,light,False,True,False,False,0
train,ROIs2017_69_patch_175,0.037478015,0.6166297,0.040509313,0.35462302,0.0,0,empty/not-detected,True,False,True,False,0
train,ROIs1868_127_patch_9,0.086314805,0.20512514,0.091484904,0.545927,0.018890380859375,1238,light,False,True,False,False,0
train,ROIs1970_112_patch_265,0.6768273,0.119209625,0.2813129,0.16499478,1.0,65536,heavy,False,True,False,True,1
train,ROIs2017_130_patch_135,0.10169944,0.07049977,0.06358396,0.10700799,0.0663299560546875,4347,light,True,False,True,False,2
train,ROIs2017_69_patch_246,0.042221483,0.65489244,0.0529072,0.23336484,1.52587890625e-05,1,light,True,False,False,False,0
train,ROIs2017_115_patch_128,0.06795296,0.056008592,0.07875691,0.76359296,0.00030517578125,20,light,True,False,True,False,1
train,ROIs1970_83_patch_114,0.07723708,0.13635659,0.10086173,0.34067512,0.0,0,empty/not-detected,True,False,True,False,0
train,ROIs1868_127_patch_0,0.08379546,0.5461544,0.09090335,0.51850086,0.0,0,empty/not-detected,False,True,False,False,0
train,ROIs1970_57_patch_162,0.04999873,0.06078314,0.08520305,0.08885126,0.0,0,empty/not-detected,True,False,False,False,0
train,ROIs2017_69_patch_262,0.040828917,0.6414422,0.04769796,0.2693841,3.0517578125e-05,2,light,True,False,False,False,0
train,ROIs1970_57_patch_58,0.059760284,0.08217847,0.07531718,0.10414154,0.0,0,empty/not-detected,True,False,True,False,0
train,ROIs2017_115_patch_109,0.0761082,0.06525417,0.080974765,0.7700376,0.0002288818359375,15,light,True,False,True,False,1
train,ROIs1970_57_patch_208,0.054630887,0.06658257,0.10186643,0.088931195,0.0,0,empty/not-detected,True,False,True,False,0
train,ROIs1970_57_patch_135,0.07438178,0.092177205,0.094759,0.11678553,3.0517578125e-05,2,light,True,False,False,False,0
train,ROIs2017_69_patch_56,0.034747057,0.53624976,0.04020534,0.6114083,0.0,0,empty/not-detected,True,False,True,False,0
train,ROIs2017_115_patch_72,0.06396266,0.06385915,0.06885954,0.69761777,0.0,0,empty/not-detected,True,False,True,False,1
train,ROIs1970_57_patch_215,0.045389485,0.05519593,0.080113746,0.0897455,0.0,0,empty/not-detected,True,False,True,False,0
train,ROIs1868_127_patch_4,0.093269706,0.6377631,0.097478345,0.5003816,0.0001220703125,8,light,True,False,True,False,0
train,ROIs2017_130_patch_51,0.09666717,0.097978696,0.0870087,0.102743104,0.0214996337890625,1409,light,False,True,False,True,2
train,ROIs1970_83_patch_35,0.07101051,0.17150018,0.056504123,0.22494648,0.003631591796875,238,light,False,True,False,True,2
train,ROIs1970_112_patch_169,0.5676215,0.090357825,0.13079041,0.71047425,1.0,65536,heavy,False,True,False,True,1
train,ROIs2017_115_patch_142,0.071907245,0.062042084,0.09282513,0.6702931,0.000274658203125,18,light,True,False,False,True,1
train,ROIs2017_115_patch_260,0.07129317,0.072774395,0.08106938,0.7054972,3.0517578125e-05,2,light,True,False,True,False,0
train,ROIs1970_57_patch_152,0.07706635,0.09432403,0.09665281,0.12383334,0.0,0,empty/not-detected,True,False,False,False,0
train,ROIs1970_83_patch_208,0.08303541,0.105946764,0.09882621,0.17802039,0.003662109375,240,light,True,False,False,False,0
train,ROIs1868_127_patch_34,0.09017802,0.14121696,0.08880888,0.56442875,0.04815673828125,3156,light,False,True,False,True,2
train,ROIs1970_112_patch_86,0.516759,0.09342873,0.033304125,0.6498489,0.971466064453125,63666,heavy,True,False,False,True,2
train,ROIs1868_127_patch_170,0.09525687,0.3003685,0.10611933,0.4293869,0.012603759765625,826,light,False,True,False,False,0
train,ROIs2017_69_patch_126,0.03796954,0.49824283,0.042505905,0.6606806,0.0,0,empty/not-detected,True,False,True,False,0
train,ROIs2017_69_patch_22,0.03926019,0.62167835,0.041417774,0.5211129,4.57763671875e-05,3,light,True,False,False,False,0
train,ROIs2017_130_patch_213,0.116207935,0.10606993,0.11292178,0.16790517,0.0254058837890625,1665,light,True,False,True,False,1
train,ROIs1970_112_patch_131,0.5084588,0.09080096,0.03268867,0.7343541,0.9989166259765625,65465,heavy,True,False,False,True,2
train,ROIs1970_83_patch_0,0.08463462,0.2602899,0.08836013,0.15764026,0.023895263671875,1566,light,True,False,False,False,0
train,ROIs2017_130_patch_142,0.13078438,0.121024236,0.113481045,0.10756729,0.337921142578125,22146,heavy,True,False,True,False,3
train,ROIs1970_83_patch_202,0.086005904,0.079663806,0.09764741,0.24012096,0.00543212890625,356,light,False,True,False,True,1
train,ROIs1970_57_patch_104,0.059236173,0.073972136,0.0850333,0.09686347,0.0,0,empty/not-detected,True,False,False,False,0
train,ROIs2017_115_patch_86,0.083850525,0.07843138,0.09014871,0.73758113,0.0015411376953125,101,light,True,False,True,False,1
train,ROIs1970_112_patch_177,0.43751246,0.37143236,0.15492931,0.5202493,0.9975738525390625,65377,heavy,False,True,False,True,2
train,ROIs1970_112_patch_248,0.65281683,0.08187704,0.48283547,0.1790272,0.9999542236328125,65533,heavy,True,False,False,True,1
train,ROIs1970_57_patch_23,0.073814206,0.10037112,0.08555022,0.113019034,0.0,0,empty/not-detected,True,False,False,False,0
train,ROIs1970_112_patch_66,0.26549742,0.11401987,0.06104839,0.6371931,0.5645599365234375,36999,heavy,False,True,False,True,2
train,ROIs2017_69_patch_185,0.041824006,0.5985471,0.04658702,0.33699,0.0,0,empty/not-detected,True,False,True,False,0
train,ROIs1970_112_patch_73,0.4674499,0.081674635,0.021552807,0.7094994,0.98150634765625,64324,heavy,True,False,False,True,2
train,ROIs1970_57_patch_57,0.060208466,0.08094734,0.07679921,0.10954779,0.0,0,empty/not-detected,True,False,True,False,0
train,ROIs1970_83_patch_49,0.0632719,0.14684583,0.06264088,0.3516746,0.0012664794921875,83,light,True,False,False,True,2
train,ROIs1970_83_patch_263,0.065778926,0.1644437,0.07208395,0.16781001,0.001739501953125,114,light,False,True,False,False,0
train,ROIs1970_112_patch_227,0.5801011,0.13419445,0.0445409,0.66315436,1.0,65536,heavy,True,False,False,True,2
train,ROIs1970_112_patch_41,0.0726024,0.120268494,0.030567542,0.7007673,0.0692596435546875,4539,light,False,True,False,True,2
train,ROIs2017_130_patch_98,0.09641194,0.08896999,0.09851041,0.12827183,0.0017547607421875,115,light,False,True,False,True,1
train,ROIs1970_57_patch_214,0.04858152,0.05673723,0.08826622,0.08851558,0.0,0,empty/not-detected,True,False,False,False,0
train,ROIs2017_115_patch_138,0.07133026,0.06485829,0.08713041,0.72856164,0.0062103271484375,407,light,True,False,True,False,1
train,ROIs2017_115_patch_111,0.060121767,0.058300756,0.07731635,0.72716224,0.0,0,empty/not-detected,True,False,True,False,1
train,ROIs2017_115_patch_68,0.07196594,0.075441495,0.08913575,0.7259109,0.0,0,empty/not-detected,True,False,True,False,0
train,ROIs2017_130_patch_247,0.115850545,0.099976316,0.09017955,0.112540364,0.1120758056640625,7345,medium,True,False,False,True,2
train,ROIs1970_83_patch_227,0.072487615,0.15235505,0.07470405,0.16900782,0.0032958984375,216,light,True,False,True,False,0
train,ROIs2017_115_patch_264,0.078278445,0.08155984,0.0882129,0.6435648,0.0,0,empty/not-detected,True,False,True,False,0
train,ROIs2017_69_patch_141,0.038595732,0.56917876,0.04380796,0.4889495,0.0001373291015625,9,light,True,False,False,False,0
train,ROIs1970_83_patch_147,0.087481946,0.12665386,0.09012813,0.2287829,0.0080718994140625,529,light,True,False,True,False,0
train,ROIs1970_83_patch_111,0.09129719,0.10237769,0.09163348,0.27031898,0.0072021484375,472,light,True,False,False,False,0
train,ROIs2017_130_patch_44,0.10017526,0.09207084,0.09383408,0.14496411,0.0035858154296875,235,light,False,True,False,True,1
train,ROIs2017_115_patch_18,0.06467629,0.09459048,0.13362338,0.77910507,0.0,0,empty/not-detected,True,False,True,False,0
train,ROIs1868_127_patch_130,0.105069004,0.1613093,0.11318137,0.37289038,0.192352294921875,12606,medium,False,True,False,False,0
train,ROIs2017_130_patch_53,0.12153751,0.10275791,0.07417843,0.08661717,0.2308807373046875,15131,medium,True,False,False,True,2
train,ROIs2017_69_patch_195,0.03682205,0.6390711,0.04519181,0.44940042,0.0,0,empty/not-detected,True,False,True,False,0
train,ROIs1868_127_patch_190,0.09100029,0.3409178,0.10094626,0.32615766,0.036590576171875,2398,light,False,True,False,False,0
train,ROIs2017_115_patch_223,0.070292704,0.06985555,0.08309729,0.71371084,6.103515625e-05,4,light,True,False,True,False,1
train,ROIs2017_69_patch_114,0.034874983,0.6371243,0.0438713,0.32765985,0.0,0,empty/not-detected,True,False,True,False,0
train,ROIs1970_57_patch_67,0.06748983,0.08424777,0.08335991,0.114438355,0.0001678466796875,11,light,True,False,True,False,0
train,ROIs1970_83_patch_30,0.05871519,0.13805111,0.05904326,0.35606945,9.1552734375e-05,6,light,True,False,True,False,0
train,ROIs1868_127_patch_92,0.091614224,0.58703434,0.099140435,0.33276364,0.0271453857421875,1779,light,True,False,False,False,0
train,ROIs1970_57_patch_137,0.070847936,0.08337895,0.09685295,0.095819585,0.0,0,empty/not-detected,True,False,False,False,0
train,ROIs1970_57_patch_88,0.071972094,0.08579549,0.09048753,0.10251565,0.0,0,empty/not-detected,True,False,False,False,0
train,ROIs1970_112_patch_56,0.13391382,0.13886394,0.02154432,0.6714978,0.2896575927734375,18983,medium,True,False,False,True,2
train,ROIs1970_57_patch_175,0.06192305,0.07212888,0.09533497,0.09543267,0.0,0,empty/not-detected,True,False,False,False,0
train,ROIs1970_83_patch_154,0.08181191,0.11690544,0.113741174,0.3126069,0.0020751953125,136,light,True,False,True,False,0
train,ROIs1868_127_patch_27,0.09968164,0.18970317,0.10143961,0.52978873,0.029052734375,1904,light,False,True,False,False,0
train,ROIs2017_130_patch_172,0.10541341,0.078629576,0.07387583,0.10958704,0.0208282470703125,1365,light,True,False,False,True,2
train,ROIs1970_83_patch_230,0.079988256,0.24494442,0.09814279,0.39778015,0.0001220703125,8,light,True,False,True,False,0
train,ROIs2017_130_patch_74,0.089567326,0.059941623,0.05914108,0.11652105,0.002899169921875,190,light,True,False,False,True,2
train,ROIs2017_115_patch_197,0.051226463,0.05261544,0.3146602,0.6739614,0.0,0,empty/not-detected,True,False,True,False,0
train,ROIs1970_112_patch_126,0.42718828,0.13164401,0.022052996,0.68175364,0.9688720703125,63496,heavy,True,False,False,True,2
train,ROIs2017_115_patch_190,0.0670775,0.06560742,0.6376361,0.6483347,0.0,0,empty/not-detected,True,False,True,False,1
validation,ROIs1868_127_patch_53,0.098126456,0.20779654,0.09572287,0.52092063,0.105316162109375,6902,medium,False,True,False,True,2
validation,ROIs1970_57_patch_18,0.062164064,0.087111525,0.076529846,0.108609036,0.000579833984375,38,light,True,False,False,False,0
validation,ROIs1970_57_patch_44,0.06227351,0.08845217,0.07764837,0.11671368,6.103515625e-05,4,light,True,False,False,False,0
validation,ROIs1970_57_patch_76,0.058524907,0.075639114,0.078614056,0.09758038,0.0,0,empty/not-detected,True,False,False,False,0
validation,ROIs1970_57_patch_90,0.07393353,0.0876575,0.09302454,0.099039234,0.0006256103515625,41,light,True,False,False,False,0
validation,ROIs2017_130_patch_168,0.09185146,0.061953176,0.06667317,0.1095191,0.0091400146484375,599,light,False,True,False,True,1
validation,ROIs1970_112_patch_262,0.6560509,0.1661951,0.06840795,0.42147553,1.0,65536,heavy,False,True,False,True,2
validation,ROIs2017_115_patch_33,0.063933566,0.060505673,0.08022445,0.72703314,1.52587890625e-05,1,light,True,False,True,False,1
validation,ROIs1970_57_patch_72,0.080199406,0.09436829,0.09335335,0.10730516,0.001220703125,80,light,True,False,True,False,0
validation,ROIs2017_115_patch_0,0.061210997,0.07145754,0.6491909,0.7142645,0.0,0,empty/not-detected,True,False,True,False,0
validation,ROIs1868_127_patch_173,0.09210485,0.46266156,0.098629236,0.28473023,0.008544921875,560,light,False,True,False,False,0
validation,ROIs2017_115_patch_10,0.08404331,0.058794912,0.2945907,0.7495189,0.0,0,empty/not-detected,True,False,True,False,1
validation,ROIs1970_83_patch_43,0.10688068,0.11074611,0.08996883,0.27931404,0.0774078369140625,5073,light,True,False,False,True,2
validation,ROIs1868_127_patch_17,0.08857018,0.14315131,0.091314994,0.53230304,0.0391998291015625,2569,light,True,False,False,False,0
validation,ROIs1970_83_patch_102,0.096920736,0.13827343,0.09301628,0.26293024,0.02459716796875,1612,light,False,True,False,True,2
validation,ROIs2017_115_patch_226,0.069370866,0.07050181,0.36039564,0.71211624,0.0,0,empty/not-detected,True,False,True,False,0
validation,ROIs2017_115_patch_231,0.06778154,0.066561714,0.60217327,0.61622345,0.0,0,empty/not-detected,True,False,True,False,1
validation,ROIs2017_115_patch_51,0.07401426,0.068912804,0.08369907,0.72725964,0.002685546875,176,light,True,False,True,False,1
validation,ROIs1970_112_patch_118,0.12253173,0.14546254,0.031721592,0.6381207,0.26251220703125,17204,medium,False,True,False,True,2
validation,ROIs2017_115_patch_38,0.069121905,0.059442848,0.61552024,0.75035775,0.0,0,empty/not-detected,True,False,True,False,1
validation,ROIs2017_130_patch_163,0.09047772,0.07107276,0.070625335,0.118322164,0.006103515625,400,light,False,True,False,True,2
validation,ROIs2017_130_patch_61,0.0942259,0.08771925,0.08944154,0.13393518,0.000762939453125,50,light,False,True,False,True,1
validation,ROIs2017_115_patch_177,0.07028322,0.067430094,0.09460701,0.7001428,4.57763671875e-05,3,light,True,False,True,False,1
validation,ROIs2017_130_patch_95,0.09733076,0.07390271,0.07514883,0.11661187,0.03424072265625,2244,light,True,False,True,False,1
validation,ROIs2017_69_patch_79,0.029768527,0.58517814,0.032397855,0.25454688,1.52587890625e-05,1,light,True,False,False,False,0
validation,ROIs2017_130_patch_42,0.103794545,0.095039904,0.09601633,0.12434753,0.0156707763671875,1027,light,True,False,True,False,1
validation,ROIs1868_127_patch_144,0.09291525,0.32038197,0.105416544,0.24862097,0.0098419189453125,645,light,True,False,True,False,0
validation,ROIs2017_69_patch_99,0.029004,0.5847816,0.033544123,0.42641404,0.0,0,empty/not-detected,True,False,True,False,0
validation,ROIs1868_127_patch_258,0.09865007,0.4880785,0.11276825,0.296558,0.0074920654296875,491,light,True,False,True,False,0
validation,ROIs2017_69_patch_96,0.037169535,0.5665845,0.040147696,0.6069085,0.0,0,empty/not-detected,True,False,True,False,0
validation,ROIs1970_112_patch_256,0.6848761,0.056876216,0.18757565,0.56644887,1.0,65536,heavy,False,True,False,True,1
validation,ROIs1970_112_patch_97,0.05984333,0.18560584,0.16123801,0.6838344,0.0095367431640625,625,light,True,False,True,False,0
validation,ROIs2017_69_patch_199,0.044615474,0.6405238,0.053617653,0.3351802,1.52587890625e-05,1,light,True,False,False,False,0
validation,ROIs1868_127_patch_126,0.09992119,0.14149556,0.11428515,0.33160007,0.051971435546875,3406,light,False,True,False,False,0
validation,ROIs2017_115_patch_24,0.073974244,0.06386406,0.20858818,0.71572375,0.0,0,empty/not-detected,True,False,True,False,1
validation,ROIs1970_57_patch_98,0.06527617,0.083795995,0.086049534,0.11166433,0.0,0,empty/not-detected,True,False,False,False,0
validation,ROIs1970_57_patch_251,0.06078776,0.07297165,0.08817925,0.09778655,0.0025634765625,168,light,True,False,False,False,0
validation,ROIs1868_127_patch_265,0.11546619,0.51384634,0.12531687,0.3814748,0.0031585693359375,207,light,True,False,True,False,0
validation,ROIs1868_127_patch_223,0.095170364,0.39780253,0.10653682,0.39318806,0.035614013671875,2334,light,False,True,False,False,0
validation,ROIs1970_112_patch_191,0.30148622,0.075565666,0.04611269,0.6898392,0.9232177734375,60504,heavy,True,False,False,True,2
validation,ROIs2017_130_patch_92,0.10139626,0.06379634,0.058431357,0.11626011,0.0724029541015625,4745,light,True,False,False,True,2
validation,ROIs1868_127_patch_139,0.09071206,0.6685131,0.09600393,0.42631182,9.1552734375e-05,6,light,True,False,True,False,0
validation,ROIs1970_112_patch_186,0.6297661,0.076563954,0.067820765,0.7198457,1.0,65536,heavy,False,True,False,True,2
validation,ROIs2017_69_patch_270,0.05066607,0.6645056,0.057660364,0.23597215,0.00140380859375,92,light,False,True,False,False,0
validation,ROIs2017_69_patch_28,0.03817409,0.6114054,0.046494637,0.5549659,0.000396728515625,26,light,True,False,True,False,0
validation,ROIs2017_130_patch_47,0.08852647,0.07999009,0.084925,0.15574652,0.002410888671875,158,light,True,False,True,False,1
validation,ROIs2017_130_patch_203,0.096932195,0.06750904,0.07215957,0.109873556,0.0079803466796875,523,light,True,False,True,False,1
validation,ROIs2017_69_patch_128,0.040425815,0.46235,0.045572586,0.640859,1.52587890625e-05,1,light,True,False,False,False,0
validation,ROIs1970_83_patch_88,0.086430795,0.14970261,0.08730656,0.2891863,0.01953125,1280,light,True,False,False,False,0
validation,ROIs2017_69_patch_26,0.028715098,0.5917616,0.0331157,0.5674093,0.0,0,empty/not-detected,True,False,True,False,0
validation,ROIs2017_69_patch_43,0.029913012,0.6122973,0.034202993,0.5269227,0.0,0,empty/not-detected,True,False,False,False,0
validation,ROIs1970_112_patch_223,0.54190034,0.06575087,0.03932236,0.7513499,0.9999542236328125,65533,heavy,True,False,False,True,2
validation,ROIs2017_130_patch_241,0.09787759,0.069227435,0.06646346,0.09180908,0.0193328857421875,1267,light,True,False,True,False,2
validation,ROIs2017_69_patch_178,0.04159066,0.6308426,0.047184575,0.1626029,0.0,0,empty/not-detected,True,False,False,False,0
validation,ROIs1970_57_patch_1,0.057571083,0.08675796,0.07146451,0.11170135,3.0517578125e-05,2,light,True,False,False,False,0
validation,ROIs2017_69_patch_122,0.036731023,0.56320673,0.040294763,0.48514867,0.0,0,empty/not-detected,True,False,False,False,0
validation,ROIs1970_112_patch_6,0.04743353,0.15686661,0.093368664,0.6521425,0.01287841796875,844,light,False,True,False,False,0
validation,ROIs1970_112_patch_26,0.044153094,0.118815824,0.04905779,0.6189935,0.0002288818359375,15,light,False,True,False,False,0
validation,ROIs2017_69_patch_38,0.042514723,0.6319566,0.04592553,0.3845935,0.0,0,empty/not-detected,True,False,True,False,0
validation,ROIs1868_127_patch_222,0.100432366,0.552155,0.11491066,0.332489,0.0039825439453125,261,light,True,False,True,False,0
validation,ROIs2017_69_patch_72,0.036254324,0.46261495,0.042889215,0.6113065,0.0,0,empty/not-detected,True,False,True,False,0
validation,ROIs1868_127_patch_183,0.09797355,0.36363307,0.10850266,0.24660833,0.0025177001953125,165,light,False,True,False,False,0
validation,ROIs1868_127_patch_257,0.097050674,0.5013087,0.11601574,0.22855832,0.008056640625,528,light,False,True,False,False,0
validation,ROIs1970_57_patch_75,0.053770028,0.072064444,0.0756969,0.09709974,0.0,0,empty/not-detected,True,False,False,False,0
validation,ROIs2017_130_patch_113,0.09550268,0.06950633,0.073634036,0.11719048,0.002716064453125,178,light,True,False,True,False,1
validation,ROIs1970_57_patch_202,0.062288765,0.07928447,0.092463,0.11530239,6.103515625e-05,4,light,True,False,True,False,0
validation,ROIs1970_112_patch_106,0.38743675,0.37223956,0.068188466,0.68749,0.923004150390625,60490,heavy,False,True,False,True,2
validation,ROIs1970_83_patch_15,0.06115028,0.19257843,0.0593075,0.24133912,0.0,0,empty/not-detected,True,False,False,True,2
validation,ROIs1970_57_patch_121,0.06124336,0.074626334,0.09268814,0.09786954,0.0,0,empty/not-detected,True,False,True,False,0
validation,ROIs1970_112_patch_95,0.04270763,0.22691122,0.051629957,0.68232965,0.0115814208984375,759,light,True,False,True,False,0
validation,ROIs1868_127_patch_156,0.10027451,0.6587659,0.11116254,0.46434158,0.0012054443359375,79,light,True,False,True,False,0
validation,ROIs2017_115_patch_218,0.05691866,0.057884417,0.55807406,0.67841077,0.0,0,empty/not-detected,True,False,True,False,0
validation,ROIs2017_69_patch_66,0.031404234,0.6091954,0.035634845,0.36199164,0.0,0,empty/not-detected,True,False,True,False,0
validation,ROIs2017_69_patch_18,0.033389885,0.6338652,0.03725826,0.6176189,0.0,0,empty/not-detected,True,False,True,False,0
validation,ROIs1868_127_patch_202,0.09590727,0.5287325,0.10900415,0.2760214,0.000396728515625,26,light,True,False,True,False,0
validation,ROIs2017_115_patch_254,0.061460692,0.062261302,0.24487665,0.6282523,0.0,0,empty/not-detected,True,False,True,False,0
validation,ROIs2017_115_patch_117,0.077991895,0.059495956,0.30133426,0.67849326,0.0,0,empty/not-detected,True,False,True,False,1
validation,ROIs2017_130_patch_117,0.09981727,0.089781865,0.09428749,0.13184679,0.026763916015625,1754,light,False,True,False,True,1
validation,ROIs1868_127_patch_106,0.09160192,0.54522866,0.08962033,0.33959308,0.0047149658203125,309,light,True,False,False,True,2
validation,ROIs1970_112_patch_53,0.71724004,0.33596823,0.055513214,0.6865106,1.0,65536,heavy,False,True,False,True,2
validation,ROIs2017_130_patch_83,0.088702224,0.068680555,0.08367815,0.17780627,0.0003662109375,24,light,False,True,False,True,1
validation,ROIs2017_130_patch_193,0.113115884,0.0937387,0.09601637,0.14293568,0.030364990234375,1990,light,True,False,True,False,1
validation,ROIs2017_115_patch_99,0.072453395,0.060258254,0.091460526,0.7034315,0.0,0,empty/not-detected,True,False,True,False,1
validation,ROIs2017_69_patch_219,0.040206563,0.6510031,0.048611224,0.17647278,9.1552734375e-05,6,light,True,False,False,False,0
validation,ROIs1970_83_patch_107,0.07444979,0.17872144,0.07665473,0.2565562,0.00286865234375,188,light,True,False,True,False,0
validation,ROIs1970_83_patch_254,0.09256293,0.12415363,0.10560449,0.31652054,4.57763671875e-05,3,light,True,False,True,False,0
validation,ROIs1970_112_patch_27,0.06546474,0.18277921,0.045399386,0.6394814,0.04913330078125,3220,light,False,True,False,True,2
validation,ROIs1868_127_patch_216,0.112531185,0.57683027,0.116969556,0.12791435,0.1640777587890625,10753,medium,True,False,True,False,0
validation,ROIs2017_115_patch_188,0.066558465,0.06911555,0.506158,0.69902843,0.0,0,empty/not-detected,True,False,True,False,0
validation,ROIs1970_112_patch_7,0.059900284,0.13938166,0.07640229,0.647238,0.0349578857421875,2291,light,False,True,False,False,0
validation,ROIs2017_115_patch_256,0.06822309,0.06837715,0.08876853,0.7019336,0.0015411376953125,101,light,True,False,True,False,0
validation,ROIs2017_130_patch_28,0.10845286,0.121932276,0.11241114,0.13473576,0.0154571533203125,1013,light,False,True,False,False,0
validation,ROIs1868_127_patch_65,0.09355684,0.30496427,0.099158704,0.5004862,0.0225830078125,1480,light,False,True,False,False,0
validation,ROIs2017_130_patch_91,0.093456686,0.06643522,0.06789671,0.14040859,0.00408935546875,268,light,True,False,True,False,1
validation,ROIs1970_83_patch_257,0.08237949,0.18519598,0.09489264,0.27413648,0.0,0,empty/not-detected,True,False,True,False,0
validation,ROIs1868_127_patch_5,0.09064428,0.55363417,0.09445326,0.52558655,7.62939453125e-05,5,light,True,False,True,False,0
validation,ROIs2017_69_patch_100,0.035358977,0.57264394,0.04016166,0.33127847,3.0517578125e-05,2,light,True,False,False,False,0
validation,ROIs2017_130_patch_130,0.1010386,0.06197682,0.055188663,0.10964086,0.025604248046875,1678,light,True,False,True,False,2
validation,ROIs2017_115_patch_95,0.0729855,0.06632127,0.6242621,0.6637861,0.0,0,empty/not-detected,True,False,True,False,1
validation,ROIs1970_83_patch_193,0.080146715,0.10005154,0.09900169,0.37584075,0.00018310546875,12,light,True,False,True,False,0
validation,ROIs1868_127_patch_117,0.099613145,0.3225715,0.10391587,0.4468925,0.0380096435546875,2491,light,False,True,False,False,0
validation,ROIs1970_57_patch_181,0.05038305,0.06263322,0.088363044,0.089740835,7.62939453125e-05,5,light,True,False,False,False,0
validation,ROIs2017_69_patch_153,0.03943745,0.61689574,0.05092892,0.18360107,0.0,0,empty/not-detected,True,False,True,False,0
validation,ROIs1970_112_patch_45,0.2595164,0.10121446,0.04598014,0.6495724,0.5753173828125,37704,heavy,False,True,False,True,2
validation,ROIs2017_69_patch_184,0.039806183,0.60188,0.044658296,0.21273497,0.0,0,empty/not-detected,True,False,True,False,0
validation,ROIs2017_115_patch_225,0.06965546,0.07045876,0.1671802,0.70716405,0.0,0,empty/not-detected,True,False,True,False,0
validation,ROIs2017_69_patch_159,0.037315115,0.61998683,0.040992003,0.3390565,3.0517578125e-05,2,light,True,False,False,False,0
validation,ROIs1970_112_patch_250,0.57410777,0.082620375,0.15589681,0.24461278,0.997283935546875,65358,heavy,False,True,False,True,1
validation,ROIs1970_57_patch_3,0.07894473,0.100799605,0.08980393,0.111257665,0.0,0,empty/not-detected,True,False,False,False,0
validation,ROIs2017_115_patch_134,0.065720975,0.0607456,0.5199338,0.6903493,0.0001220703125,8,light,True,False,True,False,1
validation,ROIs1970_83_patch_122,0.0851612,0.14787418,0.086396165,0.25532874,0.012481689453125,818,light,True,False,True,False,0
validation,ROIs1970_57_patch_191,0.057642747,0.06916913,0.095327385,0.0921835,0.0,0,empty/not-detected,True,False,True,False,0
validation,ROIs2017_115_patch_11,0.100833096,0.06793517,0.19925441,0.74069536,0.0391082763671875,2563,light,True,False,True,False,1
validation,ROIs2017_115_patch_67,0.074831225,0.07121811,0.10477485,0.7234398,0.001007080078125,66,light,True,False,True,False,1
validation,ROIs1970_83_patch_275,0.0948404,0.1791687,0.10599093,0.30849254,0.0,0,empty/not-detected,True,False,True,False,0
validation,ROIs1868_127_patch_68,0.09317828,0.47764516,0.08983748,0.46464354,0.0367431640625,2408,light,True,False,False,True,2
validation,ROIs1970_83_patch_97,0.08511981,0.1267287,0.103545286,0.2414177,0.0,0,empty/not-detected,True,False,True,False,0
validation,ROIs2017_130_patch_121,0.08987865,0.05269119,0.05861894,0.1759806,0.0212249755859375,1391,light,False,True,False,True,1
validation,ROIs1970_112_patch_194,0.29901317,0.41944474,0.226642,0.5133462,1.0,65536,heavy,False,True,False,True,2
validation,ROIs1970_57_patch_243,0.060597606,0.07201185,0.10293717,0.0955818,0.0008544921875,56,light,True,False,True,False,0
validation,ROIs1868_127_patch_115,0.08528683,0.25829908,0.09753252,0.45368347,0.0178680419921875,1171,light,False,True,False,False,0
validation,ROIs2017_69_patch_248,0.044790894,0.6821491,0.05338706,0.29669026,4.57763671875e-05,3,light,False,True,False,False,0
validation,ROIs2017_130_patch_7,0.1084943,0.11081034,0.103835166,0.12812041,0.019256591796875,1262,light,False,True,False,True,2
validation,ROIs1970_57_patch_212,0.058824237,0.0679304,0.104310215,0.08904416,0.0,0,empty/not-detected,True,False,False,False,0
validation,ROIs1970_112_patch_113,0.2729609,0.11973705,0.03360678,0.73718476,0.7417449951171875,48611,heavy,False,True,False,True,2
validation,ROIs2017_115_patch_42,0.068791725,0.06613483,0.10289984,0.7093309,0.0,0,empty/not-detected,True,False,True,False,1
validation,ROIs1970_57_patch_42,0.06913288,0.09483126,0.08316133,0.11320581,0.0,0,empty/not-detected,True,False,False,False,0
validation,ROIs1970_83_patch_244,0.076002695,0.16057363,0.089382984,0.17015752,0.0005035400390625,33,light,True,False,False,False,0
validation,ROIs2017_115_patch_133,0.070047274,0.060336985,0.628539,0.6677319,0.0,0,empty/not-detected,True,False,True,False,1
validation,ROIs1970_57_patch_34,0.059749983,0.083959475,0.07577066,0.101688385,0.0,0,empty/not-detected,True,False,False,False,0
validation,ROIs2017_130_patch_229,0.10185819,0.10650692,0.098110415,0.12507522,0.004241943359375,278,light,False,True,False,True,2
validation,ROIs2017_69_patch_235,0.04261908,0.6686073,0.049966983,0.20351134,1.52587890625e-05,1,light,False,True,False,False,0
validation,ROIs2017_115_patch_31,0.09941588,0.0744367,0.12313498,0.7370529,0.072021484375,4720,light,False,True,False,True,1
validation,ROIs2017_69_patch_157,0.03677965,0.61735725,0.040168066,0.38994086,0.000274658203125,18,light,False,True,False,False,0
validation,ROIs1970_57_patch_166,0.06187712,0.07737905,0.089200296,0.10544043,0.0,0,empty/not-detected,True,False,True,False,0
validation,ROIs2017_69_patch_39,0.04239127,0.6181614,0.045022245,0.42610225,6.103515625e-05,4,light,True,False,True,False,0
validation,ROIs1868_127_patch_233,0.09237143,0.53071105,0.09963969,0.50802445,0.0001220703125,8,light,True,False,True,False,0
validation,ROIs2017_130_patch_242,0.08766839,0.06512771,0.067148104,0.10806708,0.0147857666015625,969,light,False,True,False,True,1
validation,ROIs1970_57_patch_151,0.07179606,0.0882728,0.09303218,0.121969245,0.001922607421875,126,light,True,False,False,False,0
validation,ROIs2017_130_patch_52,0.10797365,0.13136072,0.102986425,0.11163444,0.0727081298828125,4765,light,False,True,False,True,2
validation,ROIs1970_83_patch_276,0.08729993,0.1584452,0.09339337,0.33527914,0.0,0,empty/not-detected,True,False,True,False,0
validation,ROIs1970_57_patch_171,0.067241065,0.080564074,0.09109741,0.09983648,0.0,0,empty/not-detected,True,False,False,False,0
validation,ROIs2017_130_patch_173,0.0936614,0.05965732,0.059560847,0.12166568,0.00018310546875,12,light,True,False,True,False,2
validation,ROIs1868_127_patch_252,0.12130119,0.55536526,0.12731287,0.18465957,0.0055999755859375,367,light,True,False,True,False,0
validation,ROIs1970_57_patch_201,0.05722022,0.07380708,0.08546899,0.10219157,0.0,0,empty/not-detected,True,False,False,False,0
validation,ROIs2017_130_patch_31,0.09520444,0.059302315,0.05452071,0.09164396,0.0193023681640625,1265,light,True,False,True,False,2
validation,ROIs2017_115_patch_131,0.067711465,0.05848087,0.07546809,0.7266608,0.0013580322265625,89,light,True,False,True,False,1
validation,ROIs2017_130_patch_64,0.10024166,0.09579481,0.092961,0.17358303,0.00054931640625,36,light,False,True,False,True,2
validation,ROIs2017_69_patch_271,0.044730682,0.6557548,0.053027697,0.2081524,0.00018310546875,12,light,False,True,False,False,0
validation,ROIs1970_112_patch_243,0.658463,0.07562049,0.061691836,0.6387529,1.0,65536,heavy,False,True,False,True,2
validation,ROIs1970_83_patch_4,0.07320989,0.17031902,0.06474042,0.26686293,0.0360565185546875,2363,light,True,False,False,True,2
validation,ROIs2017_130_patch_19,0.10054193,0.05433082,0.047685433,0.093483664,0.085418701171875,5598,light,True,False,True,False,2
validation,ROIs2017_115_patch_58,0.06505974,0.059582323,0.22806628,0.70567936,4.57763671875e-05,3,light,True,False,True,False,1
validation,ROIs2017_69_patch_53,0.03427665,0.50902677,0.03777223,0.5998952,0.000335693359375,22,light,True,False,False,False,0
validation,ROIs2017_69_patch_46,0.031484738,0.5784577,0.035579585,0.39255515,6.103515625e-05,4,light,False,True,False,False,0
validation,ROIs1970_83_patch_250,0.08514351,0.25970668,0.099399105,0.4054622,0.0009002685546875,59,light,False,True,False,False,0
validation,ROIs1970_83_patch_166,0.09171391,0.13424984,0.089774154,0.23927218,0.0130615234375,856,light,True,False,False,True,2
validation,ROIs1970_57_patch_203,0.06675095,0.08576812,0.089572534,0.11872444,0.0,0,empty/not-detected,True,False,False,False,0
validation,ROIs2017_69_patch_189,0.039140314,0.642897,0.042806298,0.54997885,0.0,0,empty/not-detected,True,False,True,False,0
validation,ROIs1970_57_patch_79,0.071167,0.08710477,0.087479755,0.10888241,0.000335693359375,22,light,True,False,False,False,0
validation,ROIs1970_57_patch_226,0.06179589,0.074036956,0.11060058,0.08208643,0.0,0,empty/not-detected,True,False,False,False,0
validation,ROIs2017_69_patch_92,0.038611356,0.4805086,0.043069392,0.6278635,0.0001068115234375,7,light,True,False,False,False,0
validation,ROIs1868_127_patch_147,0.11539467,0.16300467,0.12826255,0.1941872,0.1481781005859375,9711,medium,False,True,False,False,0
validation,ROIs1970_83_patch_32,0.054245576,0.13425241,0.05406276,0.32708657,0.0,0,empty/not-detected,True,False,True,False,2
validation,ROIs2017_115_patch_37,0.06205387,0.06366898,0.074961655,0.7755802,0.000335693359375,22,light,True,False,True,False,0
validation,ROIs2017_130_patch_182,0.100348555,0.062566206,0.057753604,0.096214004,0.062347412109375,4086,light,False,True,False,True,2
validation,ROIs2017_69_patch_257,0.042191792,0.68752086,0.048655197,0.12338087,4.57763671875e-05,3,light,False,True,False,False,0
validation,ROIs1868_127_patch_39,0.089021765,0.5068062,0.09687175,0.52340376,0.0,0,empty/not-detected,True,False,True,False,0
validation,ROIs1868_127_patch_82,0.105498314,0.28363296,0.10863054,0.44611374,0.04150390625,2720,light,False,True,False,False,0
validation,ROIs2017_130_patch_181,0.09248034,0.065778494,0.06930678,0.103752285,0.0108795166015625,713,light,False,True,False,True,1
validation,ROIs1970_83_patch_168,0.090737894,0.104068495,0.10248185,0.2059057,0.01312255859375,860,light,True,False,True,False,0
validation,ROIs1868_127_patch_178,0.09010668,0.5042768,0.096367985,0.44758484,0.001434326171875,94,light,True,False,True,False,0
validation,ROIs1970_57_patch_118,0.08276201,0.09897492,0.09815692,0.11039425,7.62939453125e-05,5,light,True,False,False,False,0
validation,ROIs2017_130_patch_227,0.11712073,0.08126796,0.0743132,0.109094,0.08209228515625,5380,light,True,False,False,True,2
validation,ROIs1970_112_patch_155,0.10834127,0.08711639,0.049304202,0.65435225,0.264556884765625,17338,medium,False,True,False,True,2
validation,ROIs1970_112_patch_214,0.38019365,0.0822913,0.34465742,0.5547432,0.802276611328125,52578,heavy,False,True,False,True,1
validation,ROIs1970_112_patch_145,0.53069335,0.16880663,0.02270949,0.61309433,1.0,65536,heavy,True,False,False,True,2
validation,ROIs2017_115_patch_124,0.081332326,0.061825324,0.10295397,0.7510627,4.57763671875e-05,3,light,True,False,True,False,1
validation,ROIs2017_115_patch_251,0.06101556,0.06161043,0.60605353,0.652527,0.0,0,empty/not-detected,True,False,True,False,0
validation,ROIs2017_115_patch_127,0.077087134,0.06178846,0.09352405,0.7722793,3.0517578125e-05,2,light,True,False,True,False,1
validation,ROIs1970_57_patch_21,0.064269766,0.08675786,0.07786959,0.110743016,0.0,0,empty/not-detected,True,False,True,False,0
validation,ROIs1970_83_patch_117,0.08431794,0.13627395,0.09529567,0.19659798,0.005157470703125,338,light,False,True,False,False,0
validation,ROIs1970_112_patch_181,0.5064742,0.11924655,0.024240263,0.6185622,1.0,65536,heavy,True,False,False,True,2
validation,ROIs2017_130_patch_183,0.095034204,0.06038606,0.061193727,0.10806176,0.01226806640625,804,light,True,False,True,False,1
validation,ROIs2017_130_patch_129,0.09700025,0.0757241,0.0784879,0.12349465,0.0282135009765625,1849,light,False,True,False,True,1
validation,ROIs2017_115_patch_130,0.06590896,0.060047403,0.083408184,0.7378214,4.57763671875e-05,3,light,True,False,True,False,1
validation,ROIs2017_69_patch_41,0.037923217,0.60834235,0.04082197,0.38489243,4.57763671875e-05,3,light,True,False,False,False,0
validation,ROIs1970_57_patch_145,0.05157777,0.06378636,0.08174256,0.08890453,0.0,0,empty/not-detected,True,False,False,False,0
validation,ROIs2017_115_patch_211,0.061989043,0.06166669,0.53129023,0.64707834,0.0,0,empty/not-detected,True,False,True,False,1
validation,ROIs1970_57_patch_253,0.059837025,0.075033695,0.09047589,0.10906069,0.000701904296875,46,light,True,False,False,False,0
validation,ROIs1970_57_patch_92,0.056207977,0.06966745,0.08462642,0.09148302,0.0,0,empty/not-detected,True,False,False,False,0
validation,ROIs1970_83_patch_223,0.087275214,0.13811383,0.100848146,0.21518885,0.0003509521484375,23,light,True,False,True,False,0
test,ROIs1970_83_patch_259,0.087106355,0.19115107,0.09663053,0.25616437,0.0,0,empty/not-detected,True,False,True,False,0
test,ROIs1868_127_patch_207,0.08672616,0.49749672,0.09648464,0.41153532,0.00555419921875,364,light,True,False,False,False,0
test,ROIs2017_69_patch_80,0.03423452,0.5819342,0.03886217,0.2651362,0.0,0,empty/not-detected,True,False,True,False,0
test,ROIs2017_115_patch_153,0.06837001,0.0652791,0.40120897,0.6958607,0.002227783203125,146,light,True,False,True,False,1
test,ROIs1970_112_patch_244,0.65202487,0.1391365,0.04389933,0.58761346,1.0,65536,heavy,False,True,False,True,2
test,ROIs1868_127_patch_238,0.09525334,0.6423687,0.11228981,0.1540116,0.030364990234375,1990,light,True,False,True,False,0
test,ROIs2017_130_patch_12,0.09566924,0.07230054,0.060862686,0.119353265,0.0315399169921875,2067,light,True,False,True,False,2
test,ROIs2017_69_patch_42,0.03215636,0.6099379,0.035335086,0.5559421,0.0,0,empty/not-detected,True,False,True,False,0
test,ROIs1970_83_patch_83,0.114841394,0.1238337,0.10327662,0.2749032,0.1768035888671875,11587,medium,False,True,False,True,2
test,ROIs2017_130_patch_259,0.088074446,0.080354385,0.06329012,0.07487618,0.01214599609375,796,light,True,False,False,True,2
test,ROIs2017_115_patch_65,0.07191523,0.06615771,0.24301845,0.7105685,0.007171630859375,470,light,True,False,True,False,1
test,ROIs1970_83_patch_214,0.07897802,0.124445915,0.0965488,0.34172595,0.002227783203125,146,light,True,False,False,False,0
test,ROIs1970_112_patch_199,0.54775655,0.09499671,0.03021682,0.6529513,1.0,65536,heavy,False,True,False,True,2
test,ROIs1970_83_patch_167,0.08143383,0.12945452,0.0950728,0.22453102,0.0,0,empty/not-detected,True,False,True,False,0
test,ROIs2017_115_patch_114,0.07608941,0.05852138,0.645632,0.6709913,0.0,0,empty/not-detected,True,False,True,False,1
test,ROIs1868_127_patch_93,0.09918864,0.5082133,0.0995563,0.2621537,0.0925445556640625,6065,light,False,True,False,False,0
test,ROIs2017_130_patch_191,0.10981742,0.085142866,0.07756923,0.108274326,0.029693603515625,1946,light,True,False,False,True,2
test,ROIs2017_69_patch_216,0.046031885,0.7075319,0.05418331,0.35233283,0.0006103515625,40,light,False,True,False,False,0
test,ROIs2017_130_patch_204,0.09942538,0.08029366,0.07785971,0.10940026,0.0081939697265625,537,light,True,False,True,False,2
test,ROIs2017_115_patch_9,0.07668058,0.062757194,0.44890243,0.7446126,0.0,0,empty/not-detected,True,False,True,False,1
test,ROIs1970_57_patch_205,0.068732195,0.07977982,0.10242114,0.09930304,0.0,0,empty/not-detected,True,False,False,False,0
test,ROIs1970_112_patch_153,0.07101958,0.116389245,0.116378844,0.63905424,0.10406494140625,6820,medium,False,True,False,False,0
test,ROIs1868_127_patch_23,0.08948182,0.3715366,0.09460733,0.5580868,1.52587890625e-05,1,light,True,False,True,False,0
test,ROIs1970_83_patch_26,0.075272985,0.12256963,0.0731145,0.32595816,0.0091705322265625,601,light,True,False,False,True,2
test,ROIs1868_127_patch_29,0.0941568,0.20079361,0.096964024,0.57668453,0.0390625,2560,light,True,False,True,False,0
test,ROIs2017_130_patch_36,0.08536068,0.04793744,0.042561866,0.12615326,1.52587890625e-05,1,light,True,False,True,False,2
test,ROIs1970_57_patch_249,0.056731306,0.066627584,0.08727825,0.092845626,0.00238037109375,156,light,True,False,False,False,0
test,ROIs2017_69_patch_156,0.032574896,0.60876775,0.035736,0.39617628,0.0,0,empty/not-detected,True,False,True,False,0
test,ROIs1970_57_patch_248,0.051278904,0.058411688,0.08665953,0.0860283,0.0,0,empty/not-detected,True,False,False,False,0
test,ROIs1970_83_patch_284,0.07441387,0.100333646,0.08102739,0.20727643,9.1552734375e-05,6,light,True,False,True,False,0
test,ROIs2017_115_patch_267,0.06030774,0.06165221,0.5304501,0.75959015,0.001678466796875,110,light,True,False,True,False,0
test,ROIs1970_112_patch_233,0.27895296,0.14073867,0.0676898,0.5655187,0.7900543212890625,51777,heavy,False,True,False,True,2
test,ROIs2017_115_patch_119,0.07158904,0.070883974,0.08379708,0.71336687,0.0,0,empty/not-detected,True,False,True,False,1
test,ROIs1970_57_patch_213,0.05116936,0.05914355,0.0954501,0.08224415,0.0,0,empty/not-detected,True,False,False,False,0
test,ROIs1970_83_patch_53,0.06665078,0.13528422,0.063071184,0.28732896,0.0028839111328125,189,light,True,False,True,False,2
test,ROIs2017_115_patch_214,0.05441765,0.05654531,0.5299761,0.6681355,0.0,0,empty/not-detected,True,False,True,False,0
test,ROIs1970_83_patch_6,0.06878703,0.1346214,0.06810662,0.2795728,0.001922607421875,126,light,True,False,False,True,2
test,ROIs1970_57_patch_142,0.055094946,0.066207945,0.087485425,0.09281351,0.0,0,empty/not-detected,True,False,False,False,0
test,ROIs1970_83_patch_160,0.09845887,0.1541322,0.0940356,0.22330263,0.1285552978515625,8425,medium,False,True,False,True,2
test,ROIs1868_127_patch_112,0.09419801,0.22608031,0.09957772,0.31577554,0.07916259765625,5188,light,False,True,False,False,0
test,ROIs2017_115_patch_108,0.07529351,0.06807789,0.09059662,0.76429725,0.0004119873046875,27,light,True,False,False,True,1
test,ROIs1970_112_patch_132,0.43251657,0.11177093,0.024652991,0.68455297,0.999664306640625,65514,heavy,True,False,False,True,2
test,ROIs2017_69_patch_243,0.038524903,0.6281085,0.046416823,0.33898628,0.0,0,empty/not-detected,True,False,True,False,0
test,ROIs2017_69_patch_182,0.04282152,0.7050311,0.047992345,0.27458182,6.103515625e-05,4,light,True,False,True,False,0
test,ROIs2017_115_patch_208,0.06372974,0.06539327,0.59291035,0.6852209,0.0,0,empty/not-detected,True,False,True,False,0
test,ROIs2017_69_patch_186,0.04115912,0.6005374,0.04724789,0.3841298,0.0,0,empty/not-detected,True,False,False,False,0
test,ROIs2017_115_patch_165,0.05442536,0.048763067,0.22789127,0.69870126,0.0,0,empty/not-detected,True,False,True,False,1
test,ROIs2017_115_patch_222,0.08157385,0.07701278,0.088882804,0.69851255,0.051910400390625,3402,light,True,False,False,True,1
test,ROIs1970_83_patch_212,0.08103117,0.11706645,0.09842901,0.41402382,0.0047607421875,312,light,True,False,False,False,0
test,ROIs2017_69_patch_70,0.030530483,0.54857254,0.037046116,0.62287915,0.0,0,empty/not-detected,True,False,False,False,0
test,ROIs1970_112_patch_1,0.3407279,0.11443335,0.021343008,0.6300912,0.6672515869140625,43729,heavy,True,False,False,True,2
test,ROIs1970_112_patch_240,0.63695943,0.0586311,0.07491465,0.6618104,1.0,65536,heavy,True,False,False,True,1
test,ROIs2017_130_patch_145,0.09929641,0.072274156,0.07310946,0.13653138,0.030517578125,2000,light,False,True,False,True,1
test,ROIs1970_112_patch_57,0.07272598,0.16016139,0.022415126,0.6698445,0.1014556884765625,6649,medium,True,False,False,True,2
test,ROIs2017_115_patch_47,0.09178989,0.06591014,0.34636724,0.7178378,0.0154571533203125,1013,light,True,False,True,False,1
test,ROIs1970_112_patch_216,0.5958807,0.053679146,0.024624033,0.5522475,1.0,65536,heavy,True,False,False,True,2
test,ROIs2017_130_patch_190,0.11487635,0.06910635,0.065379046,0.098330915,0.13616943359375,8924,medium,True,False,False,True,2
test,ROIs1970_83_patch_209,0.089895345,0.11624856,0.10945185,0.41021416,0.0231170654296875,1515,light,True,False,False,False,0
test,ROIs2017_130_patch_224,0.11443858,0.0882422,0.0807323,0.12014822,0.0680694580078125,4461,light,False,True,False,True,2
test,ROIs2017_130_patch_146,0.09792613,0.06957561,0.07352818,0.14219953,0.0128173828125,840,light,False,True,False,True,1
test,ROIs2017_69_patch_65,0.033170223,0.60535145,0.038135417,0.31591803,0.0,0,empty/not-detected,True,False,False,False,0
test,ROIs2017_130_patch_8,0.1112688,0.11053714,0.106407166,0.13423921,0.0325775146484375,2135,light,True,False,True,False,2
test,ROIs2017_69_patch_33,0.03341583,0.5162368,0.03772139,0.59972423,0.000152587890625,10,light,True,False,False,False,0
test,ROIs1970_112_patch_71,0.62634325,0.3248642,0.080938615,0.504559,0.999725341796875,65518,heavy,False,True,False,True,2
test,ROIs2017_130_patch_124,0.104164675,0.1008231,0.093679264,0.11360424,0.009490966796875,622,light,False,True,False,True,2
test,ROIs2017_69_patch_155,0.032492377,0.6159461,0.035725072,0.45896575,0.0001220703125,8,light,True,False,False,False,0
test,ROIs2017_130_patch_127,0.098101676,0.08334114,0.08873126,0.15408787,0.0153961181640625,1009,light,False,True,False,True,1
test,ROIs1970_112_patch_51,0.51442826,0.22480844,0.051394604,0.665017,0.953521728515625,62490,heavy,False,True,False,True,2
test,ROIs1970_57_patch_119,0.060177647,0.07567688,0.084675744,0.09408349,0.0001373291015625,9,light,True,False,False,False,0
test,ROIs1970_57_patch_38,0.068194956,0.08684934,0.081726216,0.10627829,0.0,0,empty/not-detected,True,False,True,False,0
test,ROIs1970_112_patch_33,0.21581604,0.21083853,0.029178761,0.7056701,0.53106689453125,34804,heavy,False,True,False,True,2
test,ROIs1868_127_patch_118,0.10640252,0.49343705,0.10858314,0.38785273,0.026275634765625,1722,light,False,True,False,False,0
test,ROIs1970_83_patch_165,0.10213219,0.106986135,0.10202929,0.25294468,0.0586700439453125,3845,light,True,False,False,True,2
test,ROIs1970_112_patch_183,0.5846889,0.097607255,0.046958078,0.67089844,0.9990997314453125,65477,heavy,True,False,False,True,2
test,ROIs1868_127_patch_160,0.093853824,0.5648236,0.09774975,0.4624344,0.0175933837890625,1153,light,True,False,True,False,0
test,ROIs1970_57_patch_143,0.054682653,0.06544876,0.0862896,0.09277274,0.0,0,empty/not-detected,True,False,False,False,0
test,ROIs2017_69_patch_197,0.041846447,0.6685445,0.04865148,0.47779512,0.0008392333984375,55,light,False,True,False,False,0
test,ROIs1970_112_patch_164,0.52072364,0.1469231,0.044474386,0.6591567,0.9880523681640625,64753,heavy,False,True,False,True,2
test,ROIs1970_57_patch_161,0.051423706,0.06153271,0.08668433,0.08625604,0.0,0,empty/not-detected,True,False,False,False,0
test,ROIs1970_83_patch_133,0.07809651,0.13154966,0.098338306,0.32924885,7.62939453125e-05,5,light,True,False,False,False,0
test,ROIs1970_112_patch_210,0.54697025,0.13019647,0.03940607,0.67155534,1.0,65536,heavy,False,True,False,True,2
test,ROIs2017_130_patch_81,0.09408909,0.08364784,0.09343673,0.13963494,0.0005645751953125,37,light,False,True,False,True,1
test,ROIs2017_130_patch_187,0.09880149,0.08951109,0.081426315,0.122113526,0.003753662109375,246,light,True,False,True,False,2
test,ROIs1970_57_patch_164,0.057783496,0.07169341,0.08760212,0.097071975,0.0012969970703125,85,light,True,False,True,False,0
test,ROIs1868_127_patch_94,0.10384579,0.3714811,0.10394682,0.21897322,0.11737060546875,7692,medium,False,True,False,False,0
test,ROIs2017_115_patch_237,0.05367418,0.056272697,0.3080864,0.7122519,0.0,0,empty/not-detected,True,False,True,False,0
test,ROIs2017_130_patch_45,0.10134372,0.096079186,0.099667996,0.13168819,0.0043487548828125,285,light,False,True,False,True,1
test,ROIs1970_112_patch_124,0.3996734,0.2876738,0.1900231,0.6051165,0.957763671875,62768,heavy,False,True,False,True,2
test,ROIs1868_127_patch_186,0.09537535,0.31785655,0.10625787,0.35848218,0.073211669921875,4798,light,False,True,False,False,0
test,ROIs1970_57_patch_231,0.054884937,0.061567627,0.08805861,0.083837025,0.0,0,empty/not-detected,True,False,False,False,0
test,ROIs1970_83_patch_64,0.11455153,0.12860884,0.10270217,0.29629177,0.209808349609375,13750,medium,False,True,False,True,2
test,ROIs2017_130_patch_30,0.09440786,0.07334303,0.068588726,0.11886024,0.01092529296875,716,light,True,False,True,False,2
test,ROIs2017_69_patch_11,0.03105625,0.614082,0.034656484,0.6061532,0.0001983642578125,13,light,True,False,False,False,0
test,ROIs2017_130_patch_205,0.100270495,0.071091846,0.08324454,0.13146877,0.0143585205078125,941,light,True,False,True,False,1
test,ROIs2017_115_patch_273,0.07322598,0.07304687,0.09504588,0.6314485,0.0003814697265625,25,light,True,False,True,False,1
test,ROIs1970_57_patch_174,0.05612334,0.06740284,0.088981494,0.09440859,0.0,0,empty/not-detected,True,False,False,False,0
test,ROIs2017_115_patch_217,0.051738236,0.054359823,0.5941185,0.6743305,0.0,0,empty/not-detected,True,False,True,False,0
test,ROIs1970_112_patch_90,0.07495916,0.20642608,0.022062227,0.6897001,0.0503692626953125,3301,light,True,False,False,True,2
test,ROIs2017_115_patch_73,0.06664233,0.066488296,0.07837723,0.6902526,0.00091552734375,60,light,True,False,True,False,1
test,ROIs2017_115_patch_105,0.08940628,0.07308815,0.105190046,0.7490395,0.001617431640625,106,light,True,False,True,False,1
test,ROIs2017_69_patch_131,0.036432818,0.5146011,0.042353075,0.63261014,0.0,0,empty/not-detected,True,False,True,False,0
test,ROIs2017_130_patch_106,0.104367174,0.100161016,0.09074936,0.11450338,0.0123291015625,808,light,False,True,False,True,2
test,ROIs1970_83_patch_218,0.08488636,0.10479021,0.094425894,0.25255695,0.001861572265625,122,light,True,False,False,False,0
test,ROIs2017_115_patch_276,0.059073403,0.062004216,0.07690938,0.7035452,6.103515625e-05,4,light,True,False,True,False,0
test,ROIs2017_130_patch_72,0.092534095,0.06532155,0.06490558,0.1251547,0.034942626953125,2290,light,True,False,True,False,2
test,ROIs1868_127_patch_78,0.091879606,0.27019292,0.09925138,0.5183557,0.0015411376953125,101,light,False,True,False,False,0
test,ROIs1868_127_patch_63,0.093997546,0.17213583,0.096513815,0.52874434,0.0701446533203125,4597,light,True,False,False,False,0
test,ROIs2017_130_patch_253,0.08602878,0.07337194,0.0780764,0.1006511,0.014495849609375,950,light,True,False,True,False,1
test,ROIs1970_112_patch_267,0.6474191,0.08209692,0.52932703,0.15210772,1.0,65536,heavy,False,True,False,True,1
test,ROIs1970_112_patch_212,0.42564338,0.3094795,0.17294721,0.60651714,1.0,65536,heavy,False,True,False,True,2
test,ROIs1868_127_patch_3,0.0891486,0.6539348,0.094811626,0.5144562,0.0,0,empty/not-detected,True,False,True,False,0
test,ROIs1970_112_patch_180,0.41263235,0.09488293,0.022675315,0.6107851,0.9932098388671875,65091,heavy,True,False,False,True,2
test,ROIs2017_115_patch_259,0.06127856,0.06271396,0.06880383,0.6941352,0.0002288818359375,15,light,True,False,True,False,0
test,ROIs1970_112_patch_220,0.6470679,0.059138,0.040451866,0.77281976,1.0,65536,heavy,True,False,False,True,2
test,ROIs1970_83_patch_62,0.10387663,0.103344485,0.08502412,0.25844565,0.1371002197265625,8985,medium,True,False,False,True,2
test,ROIs1868_127_patch_251,0.083230935,0.4393057,0.093628116,0.5534441,0.018310546875,1200,light,False,True,False,False,0
test,ROIs1970_83_patch_103,0.098569065,0.13458157,0.0910693,0.27100945,0.0421142578125,2760,light,True,False,False,True,2
test,ROIs1970_83_patch_121,0.089315996,0.1473149,0.09185049,0.28629848,0.0007781982421875,51,light,True,False,False,False,0
test,ROIs1970_57_patch_6,0.06617697,0.0964032,0.080304556,0.11590727,0.0015869140625,104,light,True,False,True,False,0
test,ROIs2017_69_patch_174,0.035746574,0.6228079,0.03904686,0.5062015,0.0,0,empty/not-detected,True,False,True,False,0
test,ROIs2017_69_patch_54,0.034989666,0.5344328,0.04153444,0.58706623,0.0,0,empty/not-detected,True,False,False,False,0
test,ROIs1970_83_patch_283,0.07899519,0.113990575,0.08190971,0.18623266,0.0054931640625,360,light,True,False,False,False,0
test,ROIs1970_83_patch_274,0.091466956,0.15881673,0.10280451,0.31215882,0.0038299560546875,251,light,False,True,False,False,0
test,ROIs1868_127_patch_1,0.08498259,0.6624596,0.09285513,0.52400464,0.0,0,empty/not-detected,True,False,True,False,0
test,ROIs1970_83_patch_240,0.0800702,0.19923411,0.09191561,0.24993202,0.0,0,empty/not-detected,True,False,True,False,0
test,ROIs2017_130_patch_169,0.101608574,0.07575649,0.06950715,0.11057871,0.0235443115234375,1543,light,False,True,False,True,2
test,ROIs2017_115_patch_78,0.06278575,0.061527304,0.103236005,0.6687753,0.0003204345703125,21,light,True,False,True,False,1
test,ROIs1868_127_patch_203,0.10432329,0.4842831,0.12027295,0.32903764,0.00128173828125,84,light,True,False,True,False,0
test,ROIs2017_69_patch_202,0.043999802,0.66251665,0.05084919,0.15969786,3.0517578125e-05,2,light,True,False,False,False,0
test,ROIs2017_115_patch_15,0.05813253,0.07078908,0.17195669,0.74548775,0.00250244140625,164,light,True,False,True,False,0
test,ROIs2017_115_patch_155,0.060314134,0.057678446,0.35155487,0.71871704,0.0,0,empty/not-detected,True,False,True,False,1
test,ROIs1970_112_patch_25,0.08037308,0.08642373,0.06376274,0.63226944,0.086395263671875,5662,light,False,True,False,True,2
test,ROIs1970_83_patch_138,0.08405212,0.20185497,0.092841126,0.269284,0.0,0,empty/not-detected,True,False,False,False,0
test,ROIs2017_130_patch_109,0.09961585,0.07979848,0.079159796,0.14110662,0.0139007568359375,911,light,True,False,True,False,2
test,ROIs2017_130_patch_194,0.112246305,0.09452357,0.10107087,0.17810427,0.0266265869140625,1745,light,True,False,True,False,1
test,ROIs1868_127_patch_240,0.099888735,0.5212502,0.117093235,0.27686253,0.005950927734375,390,light,True,False,True,False,0
test,ROIs1868_127_patch_105,0.09639868,0.46860018,0.09917757,0.4048774,0.0336151123046875,2203,light,True,False,True,False,0
test,ROIs1970_112_patch_149,0.5274816,0.0770844,0.0335024,0.6171482,0.99981689453125,65524,heavy,True,False,False,True,2
test,ROIs2017_69_patch_116,0.037512578,0.61720836,0.044205777,0.40553302,0.0,0,empty/not-detected,True,False,False,False,0
test,ROIs1970_83_patch_266,0.09100952,0.28714037,0.11400161,0.31882337,0.0,0,empty/not-detected,True,False,True,False,0
test,ROIs2017_69_patch_261,0.038728926,0.6834538,0.044769134,0.19092129,3.0517578125e-05,2,light,True,False,False,False,0
test,ROIs2017_115_patch_82,0.06523367,0.062471874,0.08925552,0.70857763,0.0,0,empty/not-detected,True,False,True,False,1
test,ROIs2017_130_patch_143,0.12973651,0.12188272,0.11017808,0.11373348,0.2294158935546875,15035,medium,True,False,True,False,2
test,ROIs2017_115_patch_115,0.0743139,0.06481352,0.61988676,0.6597723,0.0005645751953125,37,light,True,False,True,False,1
test,ROIs1868_127_patch_237,0.094501875,0.60026115,0.10961174,0.20642684,0.0013580322265625,89,light,True,False,True,False,0
test,ROIs1970_112_patch_239,0.67956614,0.07053796,0.042308636,0.6268181,1.0,65536,heavy,True,False,False,True,2
test,ROIs2017_69_patch_240,0.038908802,0.6459599,0.042275164,0.09858636,1.52587890625e-05,1,light,True,False,True,False,0
test,ROIs1868_127_patch_6,0.0942456,0.39608142,0.099528044,0.5473621,0.0003814697265625,25,light,True,False,True,False,0
test,ROIs2017_130_patch_199,0.09607465,0.06434504,0.06013768,0.0903275,0.0859832763671875,5635,light,True,False,False,True,2
test,ROIs2017_69_patch_63,0.02923784,0.60909694,0.03423883,0.4967047,0.0,0,empty/not-detected,True,False,True,False,0
test,ROIs2017_69_patch_272,0.044941954,0.6669935,0.05302898,0.18860023,0.0001678466796875,11,light,True,False,False,False,0
test,ROIs1868_127_patch_20,0.08174248,0.6806936,0.08900196,0.521478,4.57763671875e-05,3,light,True,False,True,False,0
test,ROIs1970_83_patch_228,0.08389248,0.22399294,0.109169334,0.40716925,0.0,0,empty/not-detected,True,False,True,False,0
test,ROIs2017_115_patch_77,0.06132438,0.05185749,0.18256241,0.6740432,0.002899169921875,190,light,True,False,False,True,1
test,ROIs2017_69_patch_89,0.031690523,0.54221225,0.038071174,0.6322408,0.0001068115234375,7,light,True,False,False,False,0
test,ROIs1868_127_patch_132,0.10084245,0.16868228,0.11008509,0.4186088,0.0720977783203125,4725,light,False,True,False,False,0
test,ROIs2017_69_patch_277,0.044197205,0.67270595,0.046968415,0.28206396,0.0,0,empty/not-detected,True,False,False,False,0
test,ROIs1868_127_patch_108,0.10699494,0.16890821,0.12397845,0.29314247,0.0185546875,1216,light,False,True,False,False,0
test,ROIs2017_69_patch_204,0.039436426,0.67316616,0.044472598,0.2902465,0.0,0,empty/not-detected,True,False,True,False,0
test,ROIs1970_57_patch_194,0.053926934,0.063144766,0.09805026,0.087287776,0.0,0,empty/not-detected,True,False,False,False,0
test,ROIs1970_112_patch_143,0.5814874,0.16080564,0.26404476,0.5091783,0.9966583251953125,65317,heavy,False,True,False,True,1
test,ROIs1970_112_patch_46,0.15264483,0.15118617,0.041159723,0.6605913,0.3333892822265625,21849,heavy,False,True,False,True,2
test,ROIs2017_115_patch_169,0.059493322,0.06394592,0.21394652,0.7089369,0.0,0,empty/not-detected,True,False,True,False,0
test,ROIs2017_69_patch_245,0.0370989,0.6153508,0.044606544,0.25316685,0.000732421875,48,light,False,True,False,False,0
test,ROIs1970_112_patch_160,0.52395725,0.25223562,0.13625656,0.64567935,0.95458984375,62560,heavy,False,True,False,True,2
test,ROIs1970_83_patch_120,0.086277775,0.15605985,0.09472544,0.2773274,0.000335693359375,22,light,True,False,True,False,0
test,ROIs1970_83_patch_157,0.08615136,0.1416769,0.0966016,0.30768162,0.0008544921875,56,light,True,False,True,False,0
test,ROIs1970_83_patch_18,0.06440017,0.2534055,0.06367332,0.17564574,0.000579833984375,38,light,True,False,True,False,2
test,ROIs2017_130_patch_167,0.097633354,0.06185322,0.063710265,0.10609933,0.0232086181640625,1521,light,False,True,False,True,1
test,ROIs2017_115_patch_36,0.06139043,0.06411016,0.093178675,0.72699535,0.0004730224609375,31,light,True,False,True,False,0
test,ROIs2017_69_patch_224,0.03823852,0.5799911,0.045352854,0.2745144,0.0,0,empty/not-detected,True,False,False,False,0
test,ROIs1868_127_patch_137,0.096202075,0.44167888,0.10514336,0.4788885,0.0092620849609375,607,light,False,True,False,False,0
test,ROIs2017_69_patch_68,0.032028288,0.5677395,0.03751297,0.60092634,0.0,0,empty/not-detected,True,False,False,False,0
test,ROIs1868_127_patch_141,0.09195663,0.6375438,0.0949371,0.4690168,0.04595947265625,3012,light,True,False,True,False,0
test,ROIs2017_69_patch_150,0.037230376,0.54844683,0.041394923,0.6506717,0.0,0,empty/not-detected,True,False,True,False,0
test,ROIs2017_130_patch_217,0.09853841,0.06796962,0.065769404,0.094086625,0.0823822021484375,5399,light,True,False,True,False,2
test,ROIs1970_57_patch_103,0.05488783,0.069508925,0.08525245,0.0958248,0.0,0,empty/not-detected,True,False,False,False,0
test,ROIs1868_127_patch_119,0.101170205,0.47816265,0.10676893,0.3975864,0.000946044921875,62,light,True,False,True,False,0
test,ROIs1868_127_patch_12,0.09921902,0.124763966,0.11672902,0.56603324,0.0667266845703125,4373,light,False,True,False,False,0
test,ROIs1970_83_patch_173,0.07837984,0.1144413,0.102768935,0.40670228,0.0016021728515625,105,light,False,True,False,False,0
test,ROIs2017_115_patch_113,0.05276377,0.053528596,0.077938154,0.67579544,0.0,0,empty/not-detected,True,False,True,False,0
test,ROIs1970_112_patch_138,0.08886107,0.17701113,0.043302987,0.5514263,0.0997314453125,6536,light,False,True,False,True,2
test,ROIs1868_127_patch_214,0.08684796,0.5510279,0.09426977,0.4779192,0.0,0,empty/not-detected,True,False,True,False,0
test,ROIs1970_57_patch_61,0.060117297,0.08420649,0.07674105,0.11409134,0.0,0,empty/not-detected,True,False,False,False,0
test,ROIs1970_83_patch_172,0.09229544,0.1081333,0.100832365,0.36138368,0.07757568359375,5084,light,False,True,False,False,0
test,ROIs1970_83_patch_8,0.067830555,0.1085352,0.056716684,0.33539426,0.0247344970703125,1621,light,True,False,True,False,2
test,ROIs2017_130_patch_186,0.09028171,0.07783244,0.07503116,0.12190576,0.0034942626953125,229,light,True,False,True,False,2
test,ROIs1970_112_patch_93,0.047604166,0.21344414,0.02442856,0.7157936,0.0100250244140625,657,light,True,False,False,True,2
test,ROIs1970_112_patch_154,0.07320028,0.08333579,0.16087244,0.65513074,0.12872314453125,8436,medium,False,True,False,False,0
test,ROIs1970_83_patch_163,0.08835998,0.10940189,0.09462111,0.2504298,0.03106689453125,2036,light,True,False,False,False,0
test,ROIs2017_69_patch_191,0.03584784,0.6375757,0.04638033,0.6024001,0.0,0,empty/not-detected,True,False,True,False,0
test,ROIs1868_127_patch_196,0.088321894,0.38317436,0.09677181,0.42978328,0.0274200439453125,1797,light,True,False,True,False,0
